"InteractorAChr","InteractorAStart","InteractorAEnd","InteractorBChr","InteractorBStart","InteractorBEnd","Agene","Bgene","Organism","CellTissue","Detection_Method","Confidence_Score1","Confidence_Score2","Contact_Frequency","Pubmed_ID"
"chr11",1891695,1918488,"chr11",2169844,2172799,"LSP1,C11orf89","IGF2,ENSG00000167244","hg19","H1ESC","5C",3.34622468255971e-05,3.34622468255971e-05,142,22955621
"chr11",1891695,1918488,"chr11",2169844,2172799,"LSP1,C11orf89","IGF2,ENSG00000167244","hg19","K562","5C",3.34622468255971e-05,3.34622468255971e-05,142,22955621
"chr1",151171193,151178589,"chr1",151203965,151215310,"PIP5K1A,ENSG00000143398","PIP5K1A,ENSG00000143398","hg19","GM12878","5C",0.00101240877204373,0.00101240877204373,972,22955621
"chr1",151171193,151178589,"chr1",151203965,151215310,"PIP5K1A,ENSG00000143398","PIP5K1A,ENSG00000143398","hg19","H1ESC","5C",0.00101240877204373,0.00101240877204373,972,22955621
"chr1",151171193,151178589,"chr1",151203965,151215310,"PIP5K1A,ENSG00000143398","PIP5K1A,ENSG00000143398","hg19","HELA","5C",0.00101240877204373,0.00101240877204373,972,22955621
"chr1",151171193,151178589,"chr1",151203965,151215310,"PIP5K1A,ENSG00000143398","PIP5K1A,ENSG00000143398","hg19","K562","5C",0.00101240877204373,0.00101240877204373,972,22955621
"chr1",151171193,151178589,"chr1",151219411,151234038,"PIP5K1A,ENSG00000143398","PSMD4,ENSG00000159352","hg19","GM12878","5C",6.35628970641117e-07,6.35628970641117e-07,1021,22955621
"chr1",151171193,151178589,"chr1",151219411,151234038,"PIP5K1A,ENSG00000143398","PSMD4,ENSG00000159352","hg19","H1ESC","5C",6.35628970641117e-07,6.35628970641117e-07,1021,22955621
"chr1",151171193,151178589,"chr1",151219411,151234038,"PIP5K1A,ENSG00000143398","PSMD4,ENSG00000159352","hg19","HELA","5C",6.35628970641117e-07,6.35628970641117e-07,1021,22955621
"chr1",151171193,151178589,"chr1",151219411,151234038,"PIP5K1A,ENSG00000143398","PSMD4,ENSG00000159352","hg19","K562","5C",6.35628970641117e-07,6.35628970641117e-07,1021,22955621
"chr1",151171193,151178589,"chr1",151246650,151254384,"PIP5K1A,ENSG00000143398","RP11-126K1,ZNF687,ENSG00000143373","hg19","GM12878","5C",3.80884675369745e-07,3.80884675369745e-07,1909,22955621
"chr1",151171193,151178589,"chr1",151246650,151254384,"PIP5K1A,ENSG00000143398","RP11-126K1,ZNF687,ENSG00000143373","hg19","HELA","5C",3.80884675369745e-07,3.80884675369745e-07,1909,22955621
"chr1",151171193,151178589,"chr1",151254384,151268403,"PIP5K1A,ENSG00000143398","RP11-126K1,ZNF687,PI4KB,ENSG00000143373,ENSG00000143393","hg19","HELA","5C",0.000304090700785347,0.000304090700785347,1203,22955621
"chr1",151171193,151178589,"chr1",151270864,151283078,"PIP5K1A,ENSG00000143398","PI4KB,ENSG00000143393","hg19","K562","5C",0.00728017384211914,0.00728017384211914,248,22955621
"chr1",151171193,151178589,"chr1",151309061,151322694,"PIP5K1A,ENSG00000143398","RFX5,ENSG00000143390","hg19","HELA","5C",8.29511687080925e-05,8.29511687080925e-05,1050,22955621
"chr1",151171193,151178589,"chr1",151333184,151350267,"PIP5K1A,ENSG00000143398","SELENBP1,ENSG00000143416","hg19","GM12878","5C",1.14280631601933e-06,1.14280631601933e-06,1051,22955621
"chr1",151171193,151178589,"chr1",151333184,151350267,"PIP5K1A,ENSG00000143398","SELENBP1,ENSG00000143416","hg19","HELA","5C",1.14280631601933e-06,1.14280631601933e-06,1051,22955621
"chr1",151171193,151178589,"chr1",151333184,151350267,"PIP5K1A,ENSG00000143398","SELENBP1,ENSG00000143416","hg19","K562","5C",1.14280631601933e-06,1.14280631601933e-06,1051,22955621
"chr1",151171193,151178589,"chr1",151368336,151375897,"PIP5K1A,ENSG00000143398","PSMB4,ENSG00000159377","hg19","HELA","5C",6.68446943775508e-05,6.68446943775508e-05,941,22955621
"chr1",151171193,151178589,"chr1",151411623,151426875,"PIP5K1A,ENSG00000143398","POGZ,ENSG00000143442","hg19","GM12878","5C",0,0,1557,22955621
"chr1",151171193,151178589,"chr1",151411623,151426875,"PIP5K1A,ENSG00000143398","POGZ,ENSG00000143442","hg19","HELA","5C",0,0,1557,22955621
"chr1",151171193,151178589,"chr1",151496437,151509688,"PIP5K1A,ENSG00000143398","CGN,ENSG00000143375","hg19","HELA","5C",0.000125052154767987,0.000125052154767987,646,22955621
"chr1",151171193,151178589,"chr1",151516085,151535167,"PIP5K1A,ENSG00000143398","TUFT1,ENSG00000143367","hg19","GM12878","5C",0,0,510,22955621
"chr1",151171193,151178589,"chr1",151516085,151535167,"PIP5K1A,ENSG00000143398","TUFT1,ENSG00000143367","hg19","H1ESC","5C",0,0,510,22955621
"chr1",151171193,151178589,"chr1",151516085,151535167,"PIP5K1A,ENSG00000143398","TUFT1,ENSG00000143367","hg19","HELA","5C",0,0,510,22955621
"chr1",151171193,151178589,"chr1",151618750,151636526,"PIP5K1A,ENSG00000143398","SNX27,ENSG00000143376","hg19","HELA","5C",0.0011243621380583,0.0011243621380583,414,22955621
"chr13",113294757,113305233,"chr13",113488215,113496478,"C13orf35,ENSG00000197595","ATP11A,ENSG00000068650","hg19","H1ESC","5C",0.00158085020376014,0.00158085020376014,327,22955621
"chr13",113294757,113305233,"chr13",113488215,113496478,"C13orf35,ENSG00000197595","ATP11A,ENSG00000068650","hg19","K562","5C",0.00158085020376014,0.00158085020376014,327,22955621
"chr13",113294757,113305233,"chr13",113496478,113497139,"C13orf35,ENSG00000197595","ATP11A,ENSG00000068650","hg19","GM12878","5C",0,0,803,22955621
"chr13",113294757,113305233,"chr13",113496478,113497139,"C13orf35,ENSG00000197595","ATP11A,ENSG00000068650","hg19","H1ESC","5C",0,0,803,22955621
"chr13",113342742,113346444,"chr13",113488215,113496478,"ATP11A,ENSG00000068650","ATP11A,ENSG00000068650","hg19","K562","5C",9.76373120890493e-05,9.76373120890493e-05,226,22955621
"chr13",113348809,113360063,"chr13",113488215,113496478,"ATP11A,ENSG00000068650","ATP11A,ENSG00000068650","hg19","H1ESC","5C",4.87738741396037e-08,4.87738741396037e-08,475,22955621
"chr13",113348809,113360063,"chr13",113488215,113496478,"ATP11A,ENSG00000068650","ATP11A,ENSG00000068650","hg19","HELA","5C",4.87738741396037e-08,4.87738741396037e-08,475,22955621
"chr13",113348809,113360063,"chr13",113488215,113496478,"ATP11A,ENSG00000068650","ATP11A,ENSG00000068650","hg19","K562","5C",4.87738741396037e-08,4.87738741396037e-08,475,22955621
"chr13",113348809,113360063,"chr13",113496478,113497139,"ATP11A,ENSG00000068650","ATP11A,ENSG00000068650","hg19","GM12878","5C",1.22325841338369e-05,1.22325841338369e-05,419,22955621
"chr13",113348809,113360063,"chr13",113496478,113497139,"ATP11A,ENSG00000068650","ATP11A,ENSG00000068650","hg19","H1ESC","5C",1.22325841338369e-05,1.22325841338369e-05,419,22955621
"chr13",113348809,113360063,"chr13",113496478,113497139,"ATP11A,ENSG00000068650","ATP11A,ENSG00000068650","hg19","HELA","5C",1.22325841338369e-05,1.22325841338369e-05,419,22955621
"chr15",43782117,43785993,"chr15",44001645,44015047,"TP53BP1,ENSG00000067369","STRC,ENSG00000242866","hg19","GM12878","5C",8.79360011016874e-08,8.79360011016874e-08,1179,22955621
"chr15",43782117,43785993,"chr15",44001645,44015047,"TP53BP1,ENSG00000067369","STRC,ENSG00000242866","hg19","HELA","5C",8.79360011016874e-08,8.79360011016874e-08,1179,22955621
"chr15",43782117,43785993,"chr15",44001645,44015047,"TP53BP1,ENSG00000067369","STRC,ENSG00000242866","hg19","K562","5C",8.79360011016874e-08,8.79360011016874e-08,1179,22955621
"chr15",43792489,43802874,"chr15",44001645,44015047,"TP53BP1,ENSG00000067369","STRC,ENSG00000242866","hg19","GM12878","5C",0,0,1473,22955621
"chr15",43792489,43802874,"chr15",44001645,44015047,"TP53BP1,ENSG00000067369","STRC,ENSG00000242866","hg19","HELA","5C",0,0,1473,22955621
"chr15",43792489,43802874,"chr15",44001645,44015047,"TP53BP1,ENSG00000067369","STRC,ENSG00000242866","hg19","K562","5C",0,0,1473,22955621
"chr15",43792489,43802874,"chr15",44074989,44078735,"TP53BP1,ENSG00000067369","AC018512,ENSG00000268488","hg19","K562","5C",0.000718135415041215,0.000718135415041215,160,22955621
"chr15",43802874,43806906,"chr15",44001645,44015047,"TP53BP1,MAP1A","STRC,ENSG00000242866","hg19","HELA","5C",3.27354099100808e-05,3.27354099100808e-05,1026,22955621
"chr15",43807815,43812531,"chr15",44001645,44015047,"MAP1A,ENSG00000166963","STRC,ENSG00000242866","hg19","HELA","5C",0.0024084369244526,0.0024084369244526,678,22955621
"chr15",43889977,43895899,"chr15",44001645,44015047,"CKMT1B,STRC","STRC,ENSG00000242866","hg19","GM12878","5C",0.000159116906721076,0.000159116906721076,1253,22955621
"chr15",43889977,43895899,"chr15",44001645,44015047,"CKMT1B,STRC","STRC,ENSG00000242866","hg19","HELA","5C",0.000159116906721076,0.000159116906721076,1253,22955621
"chr15",43889977,43895899,"chr15",44001645,44015047,"CKMT1B,STRC","STRC,ENSG00000242866","hg19","K562","5C",0.000159116906721076,0.000159116906721076,1253,22955621
"chr15",43924442,43930824,"chr15",44001645,44015047,"CATSPER2,ENSG00000166762","STRC,ENSG00000242866","hg19","GM12878","5C",3.23046893952582e-05,3.23046893952582e-05,1325,22955621
"chr15",43924442,43930824,"chr15",44001645,44015047,"CATSPER2,ENSG00000166762","STRC,ENSG00000242866","hg19","HELA","5C",3.23046893952582e-05,3.23046893952582e-05,1325,22955621
"chr15",43924442,43930824,"chr15",44001645,44015047,"CATSPER2,ENSG00000166762","STRC,ENSG00000242866","hg19","K562","5C",3.23046893952582e-05,3.23046893952582e-05,1325,22955621
"chr15",44001645,44015047,"chr15",44080886,44089111,"STRC,ENSG00000242866","SERF2,HYPK,ENSG00000140264,ENSG00000242028","hg19","HELA","5C",0.005369045464119,0.005369045464119,1012,22955621
"chr18",61416739,61420704,"chr18",61609494,61611778,"SERPINB7,ENSG00000166396","AC009802,ENSG00000268706","hg19","HELA","5C",0.00101172952467099,0.00101172952467099,758,22955621
"chr19",54600850,54620705,"chr19",54657233,54663039,"OSCAR,NDUFA3,TFPT,PRPF31","CNOT3,ENSG00000088038","hg19","GM12878","5C",0,0,2152,22955621
"chr19",54600850,54620705,"chr19",54657233,54663039,"OSCAR,NDUFA3,TFPT,PRPF31","CNOT3,ENSG00000088038","hg19","HELA","5C",0,0,2152,22955621
"chr19",54600850,54620705,"chr19",54657233,54663039,"OSCAR,NDUFA3,TFPT,PRPF31","CNOT3,ENSG00000088038","hg19","K562","5C",0,0,2152,22955621
"chr19",54620705,54622004,"chr19",54657233,54663039,"PRPF31,ENSG00000105618","CNOT3,ENSG00000088038","hg19","GM12878","5C",4.38619268996883e-06,4.38619268996883e-06,851,22955621
"chr19",54622004,54643159,"chr19",54657233,54663039,"CNOT3,ENSG00000088038","CNOT3,ENSG00000088038","hg19","HELA","5C",0.000251429290050195,0.000251429290050195,1184,22955621
"chr19",54622004,54643159,"chr19",54657233,54663039,"CNOT3,ENSG00000088038","CNOT3,ENSG00000088038","hg19","K562","5C",0.000251429290050195,0.000251429290050195,1184,22955621
"chr19",54643159,54647787,"chr19",54657233,54663039,"CNOT3,ENSG00000088038","CNOT3,ENSG00000088038","hg19","GM12878","5C",1.51160984116471e-05,1.51160984116471e-05,1453,22955621
"chr19",54643159,54647787,"chr19",54657233,54663039,"CNOT3,ENSG00000088038","CNOT3,ENSG00000088038","hg19","HELA","5C",1.51160984116471e-05,1.51160984116471e-05,1453,22955621
"chr19",54643159,54647787,"chr19",54657233,54663039,"CNOT3,ENSG00000088038","CNOT3,ENSG00000088038","hg19","K562","5C",1.51160984116471e-05,1.51160984116471e-05,1453,22955621
"chr19",54647787,54653912,"chr19",54657233,54663039,"CNOT3,ENSG00000088038","CNOT3,ENSG00000088038","hg19","HELA","5C",0.000248952773329031,0.000248952773329031,2102,22955621
"chr19",54657233,54663039,"chr19",54667671,54677284,"CNOT3,ENSG00000088038","TMC4,ENSG00000167608","hg19","HELA","5C",2.04141998996796e-05,2.04141998996796e-05,1993,22955621
"chr19",54657233,54663039,"chr19",54677284,54691409,"CNOT3,ENSG00000088038","MBOAT7,ENSG00000125505","hg19","HELA","5C",2.34686161364163e-07,2.34686161364163e-07,1782,22955621
"chr19",54657233,54663039,"chr19",54703388,54706734,"CNOT3,ENSG00000088038","RPS9,ENSG00000170889","hg19","GM12878","5C",0.000105524721471394,0.000105524721471394,858,22955621
"chr19",54657233,54663039,"chr19",54703388,54706734,"CNOT3,ENSG00000088038","RPS9,ENSG00000170889","hg19","HELA","5C",0.000105524721471394,0.000105524721471394,858,22955621
"chr19",54657233,54663039,"chr19",54882151,54893239,"CNOT3,ENSG00000088038","LAIR1,ENSG00000167613","hg19","HELA","5C",3.86006167481739e-07,3.86006167481739e-07,568,22955621
"chr19",54657233,54663039,"chr19",54882151,54893239,"CNOT3,ENSG00000088038","LAIR1,ENSG00000167613","hg19","K562","5C",3.86006167481739e-07,3.86006167481739e-07,568,22955621
"chr20",33851286,33868733,"chr20",34021575,34028951,"EDEM2,ENSG00000088298","GDF5,ENSG00000125965","hg19","HELA","5C",0,0,1425,22955621
"chr20",33851286,33868733,"chr20",34124012,34154818,"EDEM2,ENSG00000088298","ERGIC3,ENSG00000125991","hg19","HELA","5C",0,0,1179,22955621
"chr20",33851286,33868733,"chr20",34194345,34209462,"EDEM2,ENSG00000088298","SPAG4,ENSG00000061656","hg19","HELA","5C",0,0,1197,22955621
"chr20",33851286,33868733,"chr20",34194345,34209462,"EDEM2,ENSG00000088298","SPAG4,ENSG00000061656","hg19","K562","5C",0,0,1197,22955621
"chr20",33868733,33888526,"chr20",33981077,33987119,"EIF6,FAM83C","UQCC1,ENSG00000101019","hg19","HELA","5C",7.56755061846831e-05,7.56755061846831e-05,1173,22955621
"chr20",33895258,33906002,"chr20",33981077,33987119,"UQCC1,ENSG00000101019","UQCC1,ENSG00000101019","hg19","HELA","5C",0.00213664111275925,0.00213664111275925,1113,22955621
"chr20",34086509,34095771,"chr20",34194345,34209462,"CEP250,ENSG00000126001","SPAG4,ENSG00000061656","hg19","GM12878","5C",2.1566665791206e-05,2.1566665791206e-05,1163,22955621
"chr20",34086509,34095771,"chr20",34194345,34209462,"CEP250,ENSG00000126001","SPAG4,ENSG00000061656","hg19","HELA","5C",2.1566665791206e-05,2.1566665791206e-05,1163,22955621
"chr20",34086509,34095771,"chr20",34263821,34267844,"CEP250,ENSG00000126001","NFS1,ENSG00000244005","hg19","GM12878","5C",0,0,1184,22955621
"chr20",34086509,34095771,"chr20",34263821,34267844,"CEP250,ENSG00000126001","NFS1,ENSG00000244005","hg19","H1ESC","5C",0,0,1184,22955621
"chr20",34086509,34095771,"chr20",34263821,34267844,"CEP250,ENSG00000126001","NFS1,ENSG00000244005","hg19","HELA","5C",0,0,1184,22955621
"chr20",34086509,34095771,"chr20",34267844,34286390,"CEP250,ENSG00000126001","NFS1,ENSG00000244005","hg19","K562","5C",0.00233743573073579,0.00233743573073579,154,22955621
"chr20",34086509,34095771,"chr20",34292924,34300586,"CEP250,ENSG00000126001","RBM39,ENSG00000131051","hg19","HELA","5C",1.18286434005038e-05,1.18286434005038e-05,999,22955621
"chr21",34175993,34185106,"chr21",34539806,34547319,"C21orf62,ENSG00000205929","C21orf54,ENSG00000229086","hg19","GM12878","5C",6.85005743692269e-05,6.85005743692269e-05,167,22955621
"chr21",34175993,34185106,"chr21",34775307,34782293,"C21orf62,ENSG00000205929","IFNGR2,ENSG00000159128","hg19","HELA","5C",0.00130203214732866,0.00130203214732866,214,22955621
"chr21",34175993,34185106,"chr21",34819525,34821921,"C21orf62,ENSG00000205929","TMEM50B,ENSG00000142188","hg19","GM12878","5C",3.45424495224773e-05,3.45424495224773e-05,255,22955621
"chr21",34175993,34185106,"chr21",34819525,34821921,"C21orf62,ENSG00000205929","TMEM50B,ENSG00000142188","hg19","HELA","5C",3.45424495224773e-05,3.45424495224773e-05,255,22955621
"chr21",34175993,34185106,"chr21",34883480,34892700,"C21orf62,ENSG00000205929","GART,ENSG00000159131","hg19","GM12878","5C",0.000130868313433508,0.000130868313433508,91,22955621
"chr21",34175993,34185106,"chr21",34949753,34954485,"C21orf62,ENSG00000205929","DONSON,ENSG00000159147","hg19","GM12878","5C",0.00553162140406222,0.00553162140406222,68,22955621
"chr21",34175993,34185106,"chr21",34954683,34958824,"C21orf62,ENSG00000205929","DONSON,ENSG00000159147","hg19","GM12878","5C",0.000599448676202965,0.000599448676202965,78,22955621
"chr21",34175993,34185106,"chr21",34981157,34992256,"C21orf62,ENSG00000205929","CRYZL1,ENSG00000205758","hg19","GM12878","5C",0.00576037568575841,0.00576037568575841,55,22955621
"chr21",34175993,34185106,"chr21",34981157,34992256,"C21orf62,ENSG00000205929","CRYZL1,ENSG00000205758","hg19","K562","5C",0.00576037568575841,0.00576037568575841,55,22955621
"chr21",34175993,34185106,"chr21",35227409,35237858,"C21orf62,ENSG00000205929","ITSN1,ENSG00000205726","hg19","K562","5C",0,0,76,22955621
"chr21",34175993,34185106,"chr21",35242603,35256847,"C21orf62,ENSG00000205929","ITSN1,ENSG00000205726","hg19","K562","5C",0.000422443117402385,0.000422443117402385,41,22955621
"chr21",34920867,34927563,"chr21",34947297,34949753,"SON,ENSG00000159140","AP000304,ENSG00000268265","hg19","GM12878","5C",0,0,2679,22955621
"chr21",34920867,34927563,"chr21",34947297,34949753,"SON,ENSG00000159140","AP000304,ENSG00000268265","hg19","H1ESC","5C",0,0,2679,22955621
"chr21",34920867,34927563,"chr21",34947297,34949753,"SON,ENSG00000159140","AP000304,ENSG00000268265","hg19","HELA","5C",0,0,2679,22955621
"chr21",34920867,34927563,"chr21",34947297,34949753,"SON,ENSG00000159140","AP000304,ENSG00000268265","hg19","K562","5C",0,0,2679,22955621
"chr21",40565363,40575691,"chr21",40718004,40719183,"BRWD1,ENSG00000185658","HMGN1,ENSG00000205581","hg19","GM12878","5C",0.00603201684484843,0.00603201684484843,481,22955621
"chr21",40583765,40590917,"chr21",40718004,40719183,"BRWD1,ENSG00000185658","HMGN1,ENSG00000205581","hg19","GM12878","5C",2.68001848072704e-05,2.68001848072704e-05,725,22955621
"chr21",40583765,40590917,"chr21",40796857,40798340,"BRWD1,ENSG00000185658","WRB,ENSG00000182093","hg19","HELA","5C",0.00078123163020311,0.00078123163020311,772,22955621
"chr21",40718004,40719183,"chr21",40748850,40752541,"HMGN1,ENSG00000205581","WRB,ENSG00000182093","hg19","GM12878","5C",2.60259644334977e-05,2.60259644334977e-05,798,22955621
"chr21",40718004,40719183,"chr21",40748850,40752541,"HMGN1,ENSG00000205581","WRB,ENSG00000182093","hg19","H1ESC","5C",2.60259644334977e-05,2.60259644334977e-05,798,22955621
"chr21",40718004,40719183,"chr21",40748850,40752541,"HMGN1,ENSG00000205581","WRB,ENSG00000182093","hg19","HELA","5C",2.60259644334977e-05,2.60259644334977e-05,798,22955621
"chr22",31829733,31836635,"chr22",31978142,31983723,"EIF4ENIF1,ENSG00000184708","SFI1,ENSG00000198089","hg19","GM12878","5C",2.68480958470467e-07,2.68480958470467e-07,429,22955621
"chr22",31829733,31836635,"chr22",32012966,32043914,"EIF4ENIF1,ENSG00000184708","PISD,ENSG00000241878","hg19","GM12878","5C",5.30122981592527e-07,5.30122981592527e-07,207,22955621
"chr22",31829733,31836635,"chr22",32012966,32043914,"EIF4ENIF1,ENSG00000184708","PISD,ENSG00000241878","hg19","K562","5C",5.30122981592527e-07,5.30122981592527e-07,207,22955621
"chr22",31829733,31836635,"chr22",32162110,32166713,"EIF4ENIF1,ENSG00000184708","DEPDC5,ENSG00000100150","hg19","GM12878","5C",0.000508423052866529,0.000508423052866529,172,22955621
"chr22",31829733,31836635,"chr22",32338420,32342898,"EIF4ENIF1,ENSG00000184708","C22orf24,YWHAH,ENSG00000128254,ENSG00000128245","hg19","K562","5C",0.000127972456880139,0.000127972456880139,83,22955621
"chr22",31829733,31836635,"chr22",32764253,32784733,"EIF4ENIF1,ENSG00000184708","RFPL3S,ENSG00000205853","hg19","K562","5C",4.35731463140057e-06,4.35731463140057e-06,51,22955621
"chr22",31976153,31978142,"chr22",32162110,32166713,"SFI1,ENSG00000198089","DEPDC5,ENSG00000100150","hg19","HELA","5C",0.000854299341324539,0.000854299341324539,401,22955621
"chr22",32012966,32043914,"chr22",32846948,32860159,"PISD,ENSG00000241878","BPIFC,ENSG00000184459","hg19","K562","5C",4.66268937670538e-06,4.66268937670538e-06,94,22955621
"chr22",32102727,32109893,"chr22",32846948,32860159,"PRR14L,ENSG00000183530","BPIFC,ENSG00000184459","hg19","GM12878","5C",0.00158141017973039,0.00158141017973039,80,22955621
"chr22",32170492,32188129,"chr22",32846948,32860159,"DEPDC5,ENSG00000100150","BPIFC,ENSG00000184459","hg19","K562","5C",6.56752721503016e-07,6.56752721503016e-07,80,22955621
"chr22",32188129,32210582,"chr22",32846948,32860159,"DEPDC5,ENSG00000100150","BPIFC,ENSG00000184459","hg19","K562","5C",0.000995940328800146,0.000995940328800146,58,22955621
"chr22",32264718,32278135,"chr22",32846948,32860159,"DEPDC5,ENSG00000100150","BPIFC,ENSG00000184459","hg19","GM12878","5C",0.000345849497248543,0.000345849497248543,91,22955621
"chr22",32292186,32294405,"chr22",32846948,32860159,"DEPDC5,ENSG00000100150","BPIFC,ENSG00000184459","hg19","HELA","5C",0.00367768661054251,0.00367768661054251,178,22955621
"chr22",32342898,32343477,"chr22",32846948,32860159,"YWHAH,ENSG00000128245","BPIFC,ENSG00000184459","hg19","GM12878","5C",0.00192679744766344,0.00192679744766344,103,22955621
"chr22",32477762,32487457,"chr22",32846948,32860159,"SLC5A1,ENSG00000100170","BPIFC,ENSG00000184459","hg19","HELA","5C",2.20952354973453e-06,2.20952354973453e-06,384,22955621
"chr22",32477762,32487457,"chr22",32846948,32860159,"SLC5A1,ENSG00000100170","BPIFC,ENSG00000184459","hg19","K562","5C",2.20952354973453e-06,2.20952354973453e-06,384,22955621
"chr22",32740683,32750950,"chr22",32846948,32860159,"RFPL3,ENSG00000128276","BPIFC,ENSG00000184459","hg19","K562","5C",0.000904553896626099,0.000904553896626099,232,22955621
"chr22",32846948,32860159,"chr22",33190123,33206921,"BPIFC,ENSG00000184459","TIMP3,ENSG00000100234","hg19","K562","5C",0.00147998728309855,0.00147998728309855,109,22955621
"chr22",32846948,32860159,"chr22",33262063,33266567,"BPIFC,ENSG00000184459","SYN3,ENSG00000185666","hg19","HELA","5C",0.00340369470598352,0.00340369470598352,244,22955621
"chr22",32846948,32860159,"chr22",33339333,33353583,"BPIFC,ENSG00000184459","SYN3,ENSG00000185666","hg19","K562","5C",0.000525663181043097,0.000525663181043097,84,22955621
"chr22",32846948,32860159,"chr22",33452523,33459358,"BPIFC,ENSG00000184459","SYN3,ENSG00000185666","hg19","HELA","5C",5.49166879532747e-07,5.49166879532747e-07,349,22955621
"chr22",32846948,32860159,"chr22",33452523,33459358,"BPIFC,ENSG00000184459","SYN3,ENSG00000185666","hg19","K562","5C",5.49166879532747e-07,5.49166879532747e-07,349,22955621
"chr22",32920308,32927723,"chr22",33389304,33403028,"SYN3,ENSG00000185666","SYN3,ENSG00000185666","hg19","K562","5C",0,0,291,22955621
"chr7",115847372,115857098,"chr7",116339031,116340618,"TES,ENSG00000135269","MET,ENSG00000105976","hg19","GM12878","5C",0,0,520,22955621
"chr7",115847372,115857098,"chr7",116339031,116340618,"TES,ENSG00000135269","MET,ENSG00000105976","hg19","HELA","5C",0,0,520,22955621
"chr7",115847372,115857098,"chr7",116404429,116414428,"TES,ENSG00000135269","MET,ENSG00000105976","hg19","HELA","5C",0,0,548,22955621
"chr7",115847372,115857098,"chr7",116416142,116418394,"TES,ENSG00000135269","MET,ENSG00000105976","hg19","H1ESC","5C",0,0,601,22955621
"chr7",115847372,115857098,"chr7",116416142,116418394,"TES,ENSG00000135269","MET,ENSG00000105976","hg19","HELA","5C",0,0,601,22955621
"chr7",115847372,115857098,"chr7",117341506,117356953,"TES,ENSG00000135269","CFTR,ENSG00000001626","hg19","HELA","5C",0.000154663804288193,0.000154663804288193,124,22955621
"chr7",115861595,115870968,"chr7",116339031,116340618,"TES,ENSG00000135269","MET,ENSG00000105976","hg19","HELA","5C",0.0001381104850672,0.0001381104850672,283,22955621
"chr7",115861595,115870968,"chr7",116404429,116414428,"TES,ENSG00000135269","MET,ENSG00000105976","hg19","HELA","5C",8.85767895333137e-07,8.85767895333137e-07,356,22955621
"chr7",115861595,115870968,"chr7",116404429,116414428,"TES,ENSG00000135269","MET,ENSG00000105976","hg19","K562","5C",8.85767895333137e-07,8.85767895333137e-07,356,22955621
"chr7",115861595,115870968,"chr7",116416142,116418394,"TES,ENSG00000135269","MET,ENSG00000105976","hg19","H1ESC","5C",1.41484430988606e-06,1.41484430988606e-06,109,22955621
"chr7",115861595,115870968,"chr7",117341506,117356953,"TES,ENSG00000135269","CFTR,ENSG00000001626","hg19","HELA","5C",3.12365031212667e-08,3.12365031212667e-08,198,22955621
"chr7",115890993,115892266,"chr7",116339031,116340618,"TES,ENSG00000135269","MET,ENSG00000105976","hg19","H1ESC","5C",4.76778392608553e-07,4.76778392608553e-07,124,22955621
"chr7",115890993,115892266,"chr7",116404429,116414428,"TES,ENSG00000135269","MET,ENSG00000105976","hg19","HELA","5C",0.000273453450263708,0.000273453450263708,263,22955621
"chr7",115890993,115892266,"chr7",116416142,116418394,"TES,ENSG00000135269","MET,ENSG00000105976","hg19","GM12878","5C",0,0,370,22955621
"chr7",115890993,115892266,"chr7",116416142,116418394,"TES,ENSG00000135269","MET,ENSG00000105976","hg19","H1ESC","5C",0,0,370,22955621
"chr7",115890993,115892266,"chr7",116547624,116551247,"TES,ENSG00000135269","CAPZA2,ENSG00000198898","hg19","GM12878","5C",7.57832481642275e-08,7.57832481642275e-08,106,22955621
"chr7",115890993,115892266,"chr7",116547624,116551247,"TES,ENSG00000135269","CAPZA2,ENSG00000198898","hg19","H1ESC","5C",7.57832481642275e-08,7.57832481642275e-08,106,22955621
"chr7",115890993,115892266,"chr7",117326534,117332210,"TES,ENSG00000135269","CFTR,ENSG00000001626","hg19","H1ESC","5C",0,0,92,22955621
"chr7",115890993,115892266,"chr7",117341506,117356953,"TES,ENSG00000135269","CFTR,ENSG00000001626","hg19","H1ESC","5C",0,0,65,22955621
"chr7",115890993,115892266,"chr7",117341506,117356953,"TES,ENSG00000135269","CFTR,ENSG00000001626","hg19","HELA","5C",0,0,65,22955621
"chr7",116307511,116321259,"chr7",116339031,116340618,"MET,ENSG00000105976","MET,ENSG00000105976","hg19","HELA","5C",2.82182459044783e-05,2.82182459044783e-05,1353,22955621
"chr7",116307511,116321259,"chr7",117326534,117332210,"MET,ENSG00000105976","CFTR,ENSG00000001626","hg19","HELA","5C",0.000161961584011829,0.000161961584011829,155,22955621
"chr7",116307511,116321259,"chr7",117341506,117356953,"MET,ENSG00000105976","CFTR,ENSG00000001626","hg19","HELA","5C",4.70869013736344e-06,4.70869013736344e-06,195,22955621
"chr7",116339031,116340618,"chr7",116434729,116454408,"MET,ENSG00000105976","CAPZA2,ENSG00000198898","hg19","HELA","5C",0.000250081118232056,0.000250081118232056,627,22955621
"chr7",116434729,116454408,"chr7",117326534,117332210,"CAPZA2,ENSG00000198898","CFTR,ENSG00000001626","hg19","H1ESC","5C",2.4178914155833e-07,2.4178914155833e-07,67,22955621
"chr7",116434729,116454408,"chr7",117341506,117356953,"CAPZA2,ENSG00000198898","CFTR,ENSG00000001626","hg19","HELA","5C",0,0,334,22955621
"chr7",116500954,116503335,"chr7",117326534,117332210,"CAPZA2,ENSG00000198898","CFTR,ENSG00000001626","hg19","HELA","5C",2.38837467800758e-08,2.38837467800758e-08,348,22955621
"chr7",116547624,116551247,"chr7",116754962,116765597,"CAPZA2,ENSG00000198898","ST7,ENSG00000004866","hg19","GM12878","5C",2.1104994803805e-07,2.1104994803805e-07,380,22955621
"chr7",116604327,116608063,"chr7",117326534,117332210,"AC106873,ENSG00000228368","CFTR,ENSG00000001626","hg19","HELA","5C",0.000100848338743509,0.000100848338743509,206,22955621
"chr7",116604327,116608063,"chr7",117341506,117356953,"AC106873,ENSG00000228368","CFTR,ENSG00000001626","hg19","H1ESC","5C",1.24991843673346e-08,1.24991843673346e-08,76,22955621
"chr7",116604327,116608063,"chr7",117341506,117356953,"AC106873,ENSG00000228368","CFTR,ENSG00000001626","hg19","HELA","5C",1.24991843673346e-08,1.24991843673346e-08,76,22955621
"chr7",116651084,116657331,"chr7",117341506,117356953,"ST7,ENSG00000004866","CFTR,ENSG00000001626","hg19","HELA","5C",0,0,404,22955621
"chr7",116728195,116740907,"chr7",117341506,117356953,"ST7,ENSG00000004866","CFTR,ENSG00000001626","hg19","HELA","5C",2.73965224707417e-06,2.73965224707417e-06,319,22955621
"chr7",116754962,116765597,"chr7",117341506,117356953,"ST7,ENSG00000004866","CFTR,ENSG00000001626","hg19","HELA","5C",0,0,475,22955621
"chr7",116957165,116964911,"chr7",117326534,117332210,"WNT2,ENSG00000105989","CFTR,ENSG00000001626","hg19","H1ESC","5C",3.33223141363926e-09,3.33223141363926e-09,182,22955621
"chr7",117065049,117068137,"chr7",117341506,117356953,"ASZ1,ENSG00000154438","CFTR,ENSG00000001626","hg19","H1ESC","5C",0.00089110596951572,0.00089110596951572,125,22955621
"chr7",117065049,117068137,"chr7",117341506,117356953,"ASZ1,ENSG00000154438","CFTR,ENSG00000001626","hg19","HELA","5C",0.00089110596951572,0.00089110596951572,125,22955621
"chr7",117100350,117112126,"chr7",117326534,117332210,"CFTR,ENSG00000001626","CFTR,ENSG00000001626","hg19","H1ESC","5C",1.00602159991846e-08,1.00602159991846e-08,271,22955621
"chr7",117100350,117112126,"chr7",117326534,117332210,"CFTR,ENSG00000001626","CFTR,ENSG00000001626","hg19","HELA","5C",1.00602159991846e-08,1.00602159991846e-08,271,22955621
"chr7",117100350,117112126,"chr7",117341506,117356953,"CFTR,ENSG00000001626","CFTR,ENSG00000001626","hg19","GM12878","5C",2.93684053672654e-09,2.93684053672654e-09,232,22955621
"chr7",117100350,117112126,"chr7",117341506,117356953,"CFTR,ENSG00000001626","CFTR,ENSG00000001626","hg19","H1ESC","5C",2.93684053672654e-09,2.93684053672654e-09,232,22955621
"chr7",117100350,117112126,"chr7",117341506,117356953,"CFTR,ENSG00000001626","CFTR,ENSG00000001626","hg19","HELA","5C",2.93684053672654e-09,2.93684053672654e-09,232,22955621
"chr7",117114628,117119361,"chr7",117326534,117332210,"CFTR,ENSG00000001626","CFTR,ENSG00000001626","hg19","H1ESC","5C",3.88156933062939e-06,3.88156933062939e-06,180,22955621
"chr7",117114628,117119361,"chr7",117341506,117356953,"CFTR,ENSG00000001626","CFTR,ENSG00000001626","hg19","H1ESC","5C",0,0,215,22955621
"chr7",117251668,117255413,"chr7",117341506,117356953,"CFTR,ENSG00000001626","CFTR,ENSG00000001626","hg19","HELA","5C",0.00157117830657399,0.00157117830657399,612,22955621
"chr7",117429273,117432820,"chr7",117432820,117434816,"CTTNBP2,ENSG00000077063","CTTNBP2,ENSG00000077063","hg19","H1ESC","5C",0,0,11459,22955621
"chr7",27130634,27137201,"chr7",27230275,27238414,"HOXA1,ENSG00000105991","HOXA13,ENSG00000106031","hg19","H1ESC","5C",0,0,402,22955621
"chr7",27165488,27167947,"chr7",27230275,27238414,"HOXA3,ENSG00000105997","HOXA13,ENSG00000106031","hg19","H1ESC","5C",9.83351650131577e-07,9.83351650131577e-07,422,22955621
"chr7",27181770,27195105,"chr7",27230275,27238414,"HOXA3,HOXA5,HOXA6","HOXA13,ENSG00000106031","hg19","GM12878","5C",0.00405334680124887,0.00405334680124887,495,22955621
"chr7",27203007,27207968,"chr7",27230275,27238414,"HOXA9,ENSG00000078399","HOXA13,ENSG00000106031","hg19","H1ESC","5C",0,0,2017,22955621
"chr7",27216170,27221403,"chr7",27230275,27238414,"RP1-170O19,HOXA10","HOXA13,ENSG00000106031","hg19","H1ESC","5C",0,0,1481,22955621
"chr7",27230275,27238414,"chr7",27282073,27287306,"HOXA13,ENSG00000106031","EVX1,ENSG00000106038","hg19","H1ESC","5C",0,0,1445,22955621
"chr7",89787744,89795672,"chr7",89884805,89889295,"STEAP1,ENSG00000164647","C7orf63,ENSG00000105792","hg19","HELA","5C",0.00141170023162615,0.00141170023162615,552,22955621
"chrX",153187063,153190397,"chrX",153614328,153625659,"ARHGAP4,ENSG00000089820","RPL10,ENSG00000147403","hg19","K562","5C",0,0,174,22955621
"chrX",153187063,153190397,"chrX",153657611,153671976,"ARHGAP4,ENSG00000089820","ATP6AP1,GDI1,ENSG00000071553,ENSG00000203879","hg19","H1ESC","5C",0,0,190,22955621
"chrX",153187063,153190397,"chrX",153657611,153671976,"ARHGAP4,ENSG00000089820","ATP6AP1,GDI1,ENSG00000071553,ENSG00000203879","hg19","HELA","5C",0,0,190,22955621
"chrX",153190397,153198557,"chrX",153614328,153625659,"ARHGAP4,NAA10","RPL10,ENSG00000147403","hg19","GM12878","5C",0,0,224,22955621
"chrX",153190397,153198557,"chrX",153614328,153625659,"ARHGAP4,NAA10","RPL10,ENSG00000147403","hg19","K562","5C",0,0,224,22955621
"chrX",153198557,153214268,"chrX",153614328,153625659,"ARHGAP4,NAA10,RENBP","RPL10,ENSG00000147403","hg19","H1ESC","5C",1.62293462617236e-08,1.62293462617236e-08,176,22955621
"chrX",153198557,153214268,"chrX",153614328,153625659,"ARHGAP4,NAA10,RENBP","RPL10,ENSG00000147403","hg19","HELA","5C",1.62293462617236e-08,1.62293462617236e-08,176,22955621
"chrX",153198557,153214268,"chrX",153614328,153625659,"ARHGAP4,NAA10,RENBP","RPL10,ENSG00000147403","hg19","K562","5C",1.62293462617236e-08,1.62293462617236e-08,176,22955621
"chrX",153198557,153214268,"chrX",153657611,153671976,"ARHGAP4,NAA10,RENBP","ATP6AP1,GDI1,ENSG00000071553,ENSG00000203879","hg19","HELA","5C",0,0,634,22955621
"chrX",153198557,153214268,"chrX",153657611,153671976,"ARHGAP4,NAA10,RENBP","ATP6AP1,GDI1,ENSG00000071553,ENSG00000203879","hg19","K562","5C",0,0,634,22955621
"chrX",153214268,153230257,"chrX",153614328,153625659,"HCFC1,ENSG00000172534","RPL10,ENSG00000147403","hg19","HELA","5C",3.53090913729606e-07,3.53090913729606e-07,380,22955621
"chrX",153214268,153230257,"chrX",153614328,153625659,"HCFC1,ENSG00000172534","RPL10,ENSG00000147403","hg19","K562","5C",3.53090913729606e-07,3.53090913729606e-07,380,22955621
"chrX",153214268,153230257,"chrX",153657611,153671976,"HCFC1,ENSG00000172534","ATP6AP1,GDI1,ENSG00000071553,ENSG00000203879","hg19","H1ESC","5C",0.000551680255695083,0.000551680255695083,102,22955621
"chrX",153240638,153254508,"chrX",153614328,153625659,"TMEM187,ENSG00000177854","RPL10,ENSG00000147403","hg19","GM12878","5C",3.13088395646468e-05,3.13088395646468e-05,328,22955621
"chrX",153240638,153254508,"chrX",153614328,153625659,"TMEM187,ENSG00000177854","RPL10,ENSG00000147403","hg19","HELA","5C",3.13088395646468e-05,3.13088395646468e-05,328,22955621
"chrX",153240638,153254508,"chrX",153614328,153625659,"TMEM187,ENSG00000177854","RPL10,ENSG00000147403","hg19","K562","5C",3.13088395646468e-05,3.13088395646468e-05,328,22955621
"chrX",153272101,153284529,"chrX",153614328,153625659,"IRAK1,ENSG00000184216","RPL10,ENSG00000147403","hg19","K562","5C",5.07184629998747e-06,5.07184629998747e-06,123,22955621
"chrX",153284529,153289470,"chrX",153614328,153625659,"IRAK1,ENSG00000184216","RPL10,ENSG00000147403","hg19","K562","5C",2.48185978639739e-05,2.48185978639739e-05,138,22955621
"chrX",153307734,153315090,"chrX",153614328,153625659,"MECP2,ENSG00000169057","RPL10,ENSG00000147403","hg19","HELA","5C",3.55746034897076e-06,3.55746034897076e-06,469,22955621
"chrX",153360692,153365301,"chrX",153614328,153625659,"MECP2,ENSG00000169057","RPL10,ENSG00000147403","hg19","K562","5C",0.00172191819996593,0.00172191819996593,144,22955621
"chrX",153532787,153537523,"chrX",153614328,153625659,"TKTL1,ENSG00000007350","RPL10,ENSG00000147403","hg19","HELA","5C",7.51576435444725e-05,7.51576435444725e-05,816,22955621
"chrX",153532787,153537523,"chrX",153614328,153625659,"TKTL1,ENSG00000007350","RPL10,ENSG00000147403","hg19","K562","5C",7.51576435444725e-05,7.51576435444725e-05,816,22955621
"chrX",153532787,153537523,"chrX",154053104,154056925,"TKTL1,ENSG00000007350","SMIM9,ENSG00000203870","hg19","K562","5C",4.91822253308599e-05,4.91822253308599e-05,87,22955621
"chrX",153537523,153552005,"chrX",153614328,153625659,"TKTL1,ENSG00000007350","RPL10,ENSG00000147403","hg19","GM12878","5C",9.42957381165849e-05,9.42957381165849e-05,736,22955621
"chrX",153537523,153552005,"chrX",153614328,153625659,"TKTL1,ENSG00000007350","RPL10,ENSG00000147403","hg19","HELA","5C",9.42957381165849e-05,9.42957381165849e-05,736,22955621
"chrX",153537523,153552005,"chrX",153614328,153625659,"TKTL1,ENSG00000007350","RPL10,ENSG00000147403","hg19","K562","5C",9.42957381165849e-05,9.42957381165849e-05,736,22955621
"chrX",153574513,153584637,"chrX",153614328,153625659,"FLNA,ENSG00000196924","RPL10,ENSG00000147403","hg19","H1ESC","5C",0,0,914,22955621
"chrX",153574513,153584637,"chrX",153614328,153625659,"FLNA,ENSG00000196924","RPL10,ENSG00000147403","hg19","HELA","5C",0,0,914,22955621
"chrX",153574513,153584637,"chrX",153614328,153625659,"FLNA,ENSG00000196924","RPL10,ENSG00000147403","hg19","K562","5C",0,0,914,22955621
"chrX",153574513,153584637,"chrX",153657611,153671976,"FLNA,ENSG00000196924","ATP6AP1,GDI1,ENSG00000071553,ENSG00000203879","hg19","H1ESC","5C",0,0,605,22955621
"chrX",153586280,153597086,"chrX",153614328,153625659,"FLNA,ENSG00000196924","RPL10,ENSG00000147403","hg19","HELA","5C",0,0,1733,22955621
"chrX",153586280,153597086,"chrX",153614328,153625659,"FLNA,ENSG00000196924","RPL10,ENSG00000147403","hg19","K562","5C",0,0,1733,22955621
"chrX",153586280,153597086,"chrX",153657611,153671976,"FLNA,ENSG00000196924","ATP6AP1,GDI1,ENSG00000071553,ENSG00000203879","hg19","H1ESC","5C",1.42925216015451e-06,1.42925216015451e-06,484,22955621
"chrX",153586280,153597086,"chrX",153657611,153671976,"FLNA,ENSG00000196924","ATP6AP1,GDI1,ENSG00000071553,ENSG00000203879","hg19","HELA","5C",1.42925216015451e-06,1.42925216015451e-06,484,22955621
"chrX",153586280,153597086,"chrX",154053104,154056925,"FLNA,ENSG00000196924","SMIM9,ENSG00000203870","hg19","K562","5C",2.44589579634509e-05,2.44589579634509e-05,128,22955621
"chrX",153614328,153625659,"chrX",153649561,153657611,"RPL10,ENSG00000147403","ATP6AP1,ENSG00000071553","hg19","HELA","5C",0.000399018079775064,0.000399018079775064,925,22955621
"chrX",153614328,153625659,"chrX",153671976,153673688,"RPL10,ENSG00000147403","FAM50A,ENSG00000071859","hg19","HELA","5C",0.000740718769764502,0.000740718769764502,734,22955621
"chrX",153614328,153625659,"chrX",153676883,153681712,"RPL10,ENSG00000147403","FAM50A,ENSG00000071859","hg19","GM12878","5C",6.80118535288603e-08,6.80118535288603e-08,1059,22955621
"chrX",153614328,153625659,"chrX",153676883,153681712,"RPL10,ENSG00000147403","FAM50A,ENSG00000071859","hg19","HELA","5C",6.80118535288603e-08,6.80118535288603e-08,1059,22955621
"chrX",153614328,153625659,"chrX",153676883,153681712,"RPL10,ENSG00000147403","FAM50A,ENSG00000071859","hg19","K562","5C",6.80118535288603e-08,6.80118535288603e-08,1059,22955621
"chrX",153614328,153625659,"chrX",153681712,153701576,"RPL10,ENSG00000147403","PLXNA3,ENSG00000130827","hg19","HELA","5C",0.000482308975891878,0.000482308975891878,699,22955621
"chrX",153614328,153625659,"chrX",153681712,153701576,"RPL10,ENSG00000147403","PLXNA3,ENSG00000130827","hg19","K562","5C",0.000482308975891878,0.000482308975891878,699,22955621
"chrX",153614328,153625659,"chrX",153736289,153755323,"RPL10,ENSG00000147403","FAM3A,ENSG00000071889","hg19","GM12878","5C",7.26452944146342e-12,7.26452944146342e-12,1167,22955621
"chrX",153614328,153625659,"chrX",153736289,153755323,"RPL10,ENSG00000147403","FAM3A,ENSG00000071889","hg19","HELA","5C",7.26452944146342e-12,7.26452944146342e-12,1167,22955621
"chrX",153614328,153625659,"chrX",153736289,153755323,"RPL10,ENSG00000147403","FAM3A,ENSG00000071889","hg19","K562","5C",7.26452944146342e-12,7.26452944146342e-12,1167,22955621
"chrX",153614328,153625659,"chrX",153755323,153771683,"RPL10,ENSG00000147403","G6PD,IKBKG,ENSG00000160211,ENSG00000073009","hg19","K562","5C",0,0,901,22955621
"chrX",153614328,153625659,"chrX",153771683,153779571,"RPL10,ENSG00000147403","G6PD,IKBKG,ENSG00000160211,ENSG00000073009","hg19","K562","5C",4.43646243676517e-05,4.43646243676517e-05,190,22955621
"chrX",153614328,153625659,"chrX",153967468,153979902,"RPL10,ENSG00000147403","GAB3,ENSG00000160219","hg19","K562","5C",3.48827583645246e-10,3.48827583645246e-10,200,22955621
"chrX",153614328,153625659,"chrX",153989469,153994716,"RPL10,ENSG00000147403","DKC1,ENSG00000130826","hg19","K562","5C",1.20477257328555e-05,1.20477257328555e-05,153,22955621
"chrX",153614328,153625659,"chrX",153994716,154000894,"RPL10,ENSG00000147403","DKC1,ENSG00000130826","hg19","K562","5C",7.06566632060023e-08,7.06566632060023e-08,199,22955621
"chrX",153614328,153625659,"chrX",154002691,154005706,"RPL10,ENSG00000147403","DKC1,ENSG00000130826","hg19","K562","5C",0.000165571054535061,0.000165571054535061,114,22955621
"chrX",153614328,153625659,"chrX",154015910,154019964,"RPL10,ENSG00000147403","MPP1,ENSG00000130830","hg19","K562","5C",1.1708910796981e-08,1.1708910796981e-08,203,22955621
"chrX",153614328,153625659,"chrX",154020149,154020714,"RPL10,ENSG00000147403","MPP1,ENSG00000130830","hg19","K562","5C",3.07731751200228e-05,3.07731751200228e-05,127,22955621
"chrX",153614328,153625659,"chrX",154027387,154034565,"RPL10,ENSG00000147403","MPP1,ENSG00000130830","hg19","K562","5C",0,0,168,22955621
"chrX",153614328,153625659,"chrX",154274113,154276803,"RPL10,ENSG00000147403","FUNDC2,ENSG00000165775","hg19","K562","5C",0.000161308300447229,0.000161308300447229,57,22955621
"chrX",153625659,153635385,"chrX",153657611,153671976,"RPL10,DNASE1L1","ATP6AP1,GDI1,ENSG00000071553,ENSG00000203879","hg19","H1ESC","5C",5.62273894007225e-07,5.62273894007225e-07,795,22955621
"chrX",153625659,153635385,"chrX",153657611,153671976,"RPL10,DNASE1L1","ATP6AP1,GDI1,ENSG00000071553,ENSG00000203879","hg19","HELA","5C",5.62273894007225e-07,5.62273894007225e-07,795,22955621
"chrX",153625659,153635385,"chrX",154053104,154056925,"RPL10,DNASE1L1","SMIM9,ENSG00000203870","hg19","GM12878","5C",3.75205193125326e-09,3.75205193125326e-09,166,22955621
"chrX",153625659,153635385,"chrX",154053104,154056925,"RPL10,DNASE1L1","SMIM9,ENSG00000203870","hg19","K562","5C",3.75205193125326e-09,3.75205193125326e-09,166,22955621
"chrX",153635385,153648319,"chrX",154053104,154056925,"DNASE1L1,TAZ","SMIM9,ENSG00000203870","hg19","K562","5C",6.39406401194148e-09,6.39406401194148e-09,158,22955621
"chrX",153657611,153671976,"chrX",153681712,153701576,"ATP6AP1,GDI1","PLXNA3,ENSG00000130827","hg19","HELA","5C",0.00302828600798841,0.00302828600798841,958,22955621
"chrX",153657611,153671976,"chrX",153701576,153715648,"ATP6AP1,GDI1","LAGE3,UBL4A,ENSG00000196976,ENSG00000102178","hg19","HELA","5C",3.21614616268012e-06,3.21614616268012e-06,1107,22955621
"chrX",153657611,153671976,"chrX",153736289,153755323,"ATP6AP1,GDI1","FAM3A,ENSG00000071889","hg19","HELA","5C",5.93636420003195e-06,5.93636420003195e-06,903,22955621
"chrX",153657611,153671976,"chrX",153755323,153771683,"ATP6AP1,GDI1","G6PD,IKBKG,ENSG00000160211,ENSG00000073009","hg19","HELA","5C",2.2447518028458e-07,2.2447518028458e-07,988,22955621
"chrX",153657611,153671976,"chrX",153967468,153979902,"ATP6AP1,GDI1","GAB3,ENSG00000160219","hg19","H1ESC","5C",8.78799876366112e-06,8.78799876366112e-06,130,22955621
"chrX",153657611,153671976,"chrX",154015910,154019964,"ATP6AP1,GDI1","MPP1,ENSG00000130830","hg19","HELA","5C",0.00218233848194208,0.00218233848194208,294,22955621
"chrX",153924052,153929777,"chrX",154015910,154019964,"GAB3,ENSG00000160219","MPP1,ENSG00000130830","hg19","H1ESC","5C",0.000360250124956569,0.000360250124956569,274,22955621
"chrX",153967468,153979902,"chrX",154053104,154056925,"GAB3,ENSG00000160219","SMIM9,ENSG00000203870","hg19","K562","5C",0.00196942903910413,0.00196942903910413,300,22955621
"chrX",153989469,153994716,"chrX",154053104,154056925,"DKC1,ENSG00000130826","SMIM9,ENSG00000203870","hg19","GM12878","5C",0.000643996041219042,0.000643996041219042,362,22955621
"chrX",153989469,153994716,"chrX",154053104,154056925,"DKC1,ENSG00000130826","SMIM9,ENSG00000203870","hg19","K562","5C",0.000643996041219042,0.000643996041219042,362,22955621
"chrX",153994716,154000894,"chrX",154053104,154056925,"DKC1,ENSG00000130826","SMIM9,ENSG00000203870","hg19","K562","5C",6.56516593409126e-05,6.56516593409126e-05,369,22955621
"chrX",154000894,154002691,"chrX",154053104,154056925,"DKC1,ENSG00000130826","SMIM9,ENSG00000203870","hg19","GM12878","5C",0.00474094044891996,0.00474094044891996,381,22955621
"chrX",154015910,154019964,"chrX",154053104,154056925,"MPP1,ENSG00000130830","SMIM9,ENSG00000203870","hg19","H1ESC","5C",5.92708805101611e-05,5.92708805101611e-05,573,22955621
"chrX",154015910,154019964,"chrX",154053104,154056925,"MPP1,ENSG00000130830","SMIM9,ENSG00000203870","hg19","K562","5C",5.92708805101611e-05,5.92708805101611e-05,573,22955621
"chr10",100026463,100032922,"chr10",100171667,100177631,"LOXL4,ENSG00000138131","PYROXD2,ENSG00000119943","hg19","MCF7","ChIA-PET",1e-42,1e-42,11,22265404
"chr10",100170653,100176192,"chr10",100191097,100195911,"PYROXD2,ENSG00000119943","HPS1,ENSG00000107521","hg19","MCF7","ChIA-PET",9e-38,9e-38,5,22265404
"chr10",101183867,101191694,"chr10",101379550,101383893,"GOT1,ENSG00000120053","SLC25A28,ENSG00000155287","hg19","K562","ChIA-PET",3e-08,3e-08,10,22265404
"chr10",101188540,101192458,"chr10",101377878,101381040,"GOT1,ENSG00000120053","SLC25A28,ENSG00000155287","hg19","MCF7","ChIA-PET",2e-08,2e-08,5,22265404
"chr10",101188990,101191485,"chr10",101490135,101494015,"GOT1,ENSG00000120053","CUTC,COX15,ENSG00000119929,ENSG00000014919","hg19","K562","ChIA-PET",0,0,4,22265404
"chr10",101189131,101191456,"chr10",101378787,101381343,"GOT1,ENSG00000120053","SLC25A28,ENSG00000155287","hg19","K562","ChIA-PET",1.33e-20,1.33e-20,5,22265404
"chr10",101377525,101382281,"chr10",101490036,101493657,"SLC25A28,ENSG00000155287","CUTC,COX15,ENSG00000119929,ENSG00000014919","hg19","K562","ChIA-PET",6.99e-16,6.99e-16,5,22265404
"chr10",101377790,101383714,"chr10",101416617,101422391,"SLC25A28,ENSG00000155287","ENTPD7,ENSG00000198018","hg19","MCF7","ChIA-PET",1e-07,1e-07,12,22265404
"chr10",101377980,101383260,"chr10",101415710,101421584,"SLC25A28,ENSG00000155287","ENTPD7,ENSG00000198018","hg19","K562","ChIA-PET",1.44e-20,1.44e-20,17,22265404
"chr10",101378480,101383630,"chr10",101415943,101420068,"SLC25A28,ENSG00000155287","ENTPD7,ENSG00000198018","hg19","K562","ChIA-PET",4e-07,4e-07,10,22265404
"chr10",101379135,101381038,"chr10",101490513,101493769,"SLC25A28,ENSG00000155287","CUTC,COX15,ENSG00000119929,ENSG00000014919","hg19","MCF7","ChIA-PET",1e-07,1e-07,5,22265404
"chr10",101490366,101494188,"chr10",101537931,101543293,"CUTC,COX15,ENSG00000119929,ENSG00000014919","ABCC2,ENSG00000023839","hg19","MCF7","ChIA-PET",0,0,7,22265404
"chr10",101941886,101949017,"chr10",101985746,101992287,"ERLIN1,ENSG00000107566","CHUK,ENSG00000213341","hg19","K562","ChIA-PET",2e-08,2e-08,13,22265404
"chr10",101943372,101947106,"chr10",101952209,101956805,"ERLIN1,ENSG00000107566","CHUK,ENSG00000213341","hg19","MCF7","ChIA-PET",5e-08,5e-08,5,22265404
"chr10",101944618,101947404,"chr10",101947418,101951216,"ERLIN1,ENSG00000107566","ERLIN1,ENSG00000107566","hg19","MCF7","ChIA-PET",1e-12,1e-12,5,22265404
"chr10",101947458,101951791,"chr10",101952226,101954559,"ERLIN1,ENSG00000107566","CHUK,ENSG00000213341","hg19","MCF7","ChIA-PET",4e-07,4e-07,4,22265404
"chr10",101986630,101991644,"chr10",102024095,102028559,"CHUK,ENSG00000213341","CWF19L1,ENSG00000095485","hg19","MCF7","ChIA-PET",1e-07,1e-07,6,22265404
"chr10",102025566,102028484,"chr10",102044480,102047700,"CWF19L1,ENSG00000095485","BLOC1S2,ENSG00000196072","hg19","K562","ChIA-PET",3.94e-19,3.94e-19,4,22265404
"chr10",102025634,102029597,"chr10",102043966,102048836,"CWF19L1,ENSG00000095485","BLOC1S2,ENSG00000196072","hg19","MCF7","ChIA-PET",1e-08,1e-08,6,22265404
"chr10",102044336,102048067,"chr10",102104963,102109090,"BLOC1S2,ENSG00000196072","SCD,ENSG00000099194","hg19","MCF7","ChIA-PET",6e-09,6e-09,4,22265404
"chr10",102282676,102287321,"chr10",102287842,102289742,"NDUFB8,ENSG00000166136","SEC31B,NDUFB8,HIF1AN,ENSG00000075826,ENSG00000166136,ENSG00000166135","hg19","K562","ChIA-PET",6e-10,6e-10,4,22265404
"chr10",102287476,102291185,"chr10",102291852,102297217,"SEC31B,NDUFB8,HIF1AN,ENSG00000075826,ENSG00000166136,ENSG00000166135","HIF1AN,ENSG00000166135","hg19","MCF7","ChIA-PET",3e-18,3e-18,7,22265404
"chr10",102288045,102292091,"chr10",102293786,102297642,"SEC31B,NDUFB8,HIF1AN,ENSG00000075826,ENSG00000166136,ENSG00000166135","HIF1AN,ENSG00000166135","hg19","K562","ChIA-PET",1e-11,1e-11,7,22265404
"chr10",102288201,102291269,"chr10",102293985,102297329,"SEC31B,NDUFB8,HIF1AN,ENSG00000075826,ENSG00000166136,ENSG00000166135","HIF1AN,ENSG00000166135","hg19","MCF7","ChIA-PET",1e-13,1e-13,6,22265404
"chr10",102289235,102292091,"chr10",102295102,102297359,"SEC31B,NDUFB8,ENSG00000075826,ENSG00000166136","HIF1AN,ENSG00000166135","hg19","K562","ChIA-PET",8.1e-14,8.1e-14,4,22265404
"chr10",102669818,102673864,"chr10",102755679,102759405,"FAM178A,ENSG00000119906","LZTS2,ENSG00000107816","hg19","K562","ChIA-PET",2e-11,2e-11,4,22265404
"chr10",102671226,102673872,"chr10",102755844,102759820,"FAM178A,ENSG00000119906","LZTS2,ENSG00000107816","hg19","MCF7","ChIA-PET",0,0,4,22265404
"chr10",102727587,102732853,"chr10",102743739,102751717,"SEMA4G,ENSG00000095539","MRPL43,SEMA4G,C10orf2,ENSG00000055950,ENSG00000095539,ENSG00000107815","hg19","MCF7","ChIA-PET",1e-14,1e-14,12,22265404
"chr10",102728125,102733707,"chr10",102747263,102751016,"SEMA4G,ENSG00000095539","MRPL43,C10orf2,ENSG00000055950,ENSG00000107815","hg19","K562","ChIA-PET",9e-09,9e-09,8,22265404
"chr10",102728195,102731418,"chr10",102744816,102751016,"SEMA4G,ENSG00000095539","MRPL43,C10orf2,ENSG00000055950,ENSG00000107815","hg19","K562","ChIA-PET",9.64e-16,9.64e-16,6,22265404
"chr10",102729069,102738351,"chr10",102755178,102761468,"SEMA4G,ENSG00000095539","LZTS2,ENSG00000107816","hg19","MCF7","ChIA-PET",1e-08,1e-08,13,22265404
"chr10",102729296,102732866,"chr10",102745788,102748549,"SEMA4G,ENSG00000095539","MRPL43,C10orf2,ENSG00000055950,ENSG00000107815","hg19","MCF7","ChIA-PET",1e-09,1e-09,4,22265404
"chr10",102754425,102757736,"chr10",102819630,102822448,"LZTS2,ENSG00000107816","KAZALD1,ENSG00000107821","hg19","MCF7","ChIA-PET",1e-08,1e-08,4,22265404
"chr10",102754656,102760548,"chr10",102824854,102828308,"LZTS2,ENSG00000107816","KAZALD1,ENSG00000107821","hg19","K562","ChIA-PET",0,0,7,22265404
"chr10",102754933,102761301,"chr10",102785857,102794643,"LZTS2,ENSG00000107816","PDZD7,SFXN3,ENSG00000186862,ENSG00000107819","hg19","MCF7","ChIA-PET",1e-10,1e-10,22,22265404
"chr10",102755945,102763162,"chr10",102819143,102829790,"LZTS2,ENSG00000107816","KAZALD1,ENSG00000107821","hg19","MCF7","ChIA-PET",2e-24,2e-24,19,22265404
"chr10",102756448,102759133,"chr10",102789504,102792571,"LZTS2,ENSG00000107816","PDZD7,SFXN3,ENSG00000186862,ENSG00000107819","hg19","K562","ChIA-PET",1e-09,1e-09,4,22265404
"chr10",102791556,102793930,"chr10",102820234,102822308,"SFXN3,ENSG00000107819","KAZALD1,ENSG00000107821","hg19","K562","ChIA-PET",1.63e-18,1.63e-18,4,22265404
"chr10",1031711,1035740,"chr10",1100728,1103796,"AL359878.1,GTPBP4,ENSG00000205740,ENSG00000107937","WDR37,ENSG00000047056","hg19","K562","ChIA-PET",8.76e-14,8.76e-14,4,22265404
"chr10",1031887,1035944,"chr10",1099515,1103666,"AL359878.1,GTPBP4,ENSG00000205740,ENSG00000107937","WDR37,ENSG00000047056","hg19","MCF7","ChIA-PET",3e-10,3e-10,8,22265404
"chr10",1032470,1034485,"chr10",1092422,1096343,"AL359878.1,GTPBP4,ENSG00000205740,ENSG00000107937","IDI1,WDR37,ENSG00000067064,ENSG00000047056","hg19","MCF7","ChIA-PET",8e-11,8e-11,5,22265404
"chr10",1033196,1035740,"chr10",1100283,1103390,"AL359878.1,GTPBP4,ENSG00000205740,ENSG00000107937","WDR37,ENSG00000047056","hg19","K562","ChIA-PET",1e-09,1e-09,4,22265404
"chr10",103329575,103333130,"chr10",103539465,103543495,"DPCD,ENSG00000166171","NPM3,ENSG00000107833","hg19","K562","ChIA-PET",7e-12,7e-12,4,22265404
"chr10",103338978,103343846,"chr10",103345797,103350035,"POLL,ENSG00000166169","DPCD,POLL,ENSG00000166171,ENSG00000166169","hg19","K562","ChIA-PET",9.81e-45,9.81e-45,6,22265404
"chr10",103343883,103346411,"chr10",103347092,103349201,"POLL,ENSG00000166169","DPCD,POLL,ENSG00000166171,ENSG00000166169","hg19","MCF7","ChIA-PET",3e-15,3e-15,4,22265404
"chr10",1033990,1039615,"chr10",1093691,1098446,"AL359878.1,GTPBP4,ENSG00000205740,ENSG00000107937","IDI1,WDR37,ENSG00000067064,ENSG00000047056","hg19","MCF7","ChIA-PET",9e-09,9e-09,7,22265404
"chr10",103539865,103543561,"chr10",103576745,103578754,"NPM3,ENSG00000107833","MGEA5,ENSG00000198408","hg19","MCF7","ChIA-PET",4e-24,4e-24,5,22265404
"chr10",103540752,103544048,"chr10",103576404,103580129,"NPM3,ENSG00000107833","MGEA5,ENSG00000198408","hg19","K562","ChIA-PET",0,0,5,22265404
"chr10",103542286,103545513,"chr10",103545896,103549343,"NPM3,ENSG00000107833","MGEA5,ENSG00000198408","hg19","K562","ChIA-PET",5.3e-38,5.3e-38,4,22265404
"chr10",103550411,103555228,"chr10",103575815,103579711,"MGEA5,ENSG00000198408","MGEA5,ENSG00000198408","hg19","K562","ChIA-PET",1.32e-11,1.32e-11,6,22265404
"chr10",103551550,103555690,"chr10",103576202,103578592,"MGEA5,ENSG00000198408","MGEA5,ENSG00000198408","hg19","MCF7","ChIA-PET",0,0,4,22265404
"chr10",103575865,103579598,"chr10",103586873,103591221,"MGEA5,ENSG00000198408","KCNIP2,ENSG00000120049","hg19","MCF7","ChIA-PET",5e-10,5e-10,14,22265404
"chr10",103576075,103579992,"chr10",103590053,103592886,"MGEA5,ENSG00000198408","KCNIP2,ENSG00000120049","hg19","K562","ChIA-PET",2.96e-36,2.96e-36,8,22265404
"chr10",103576271,103579882,"chr10",103891527,103894593,"MGEA5,ENSG00000198408","PPRC1,ENSG00000148840","hg19","K562","ChIA-PET",1.85e-17,1.85e-17,5,22265404
"chr10",103576523,103583409,"chr10",103585829,103591917,"MGEA5,ENSG00000198408","KCNIP2,ENSG00000120049","hg19","MCF7","ChIA-PET",0,0,15,22265404
"chr10",103576671,103579684,"chr10",103872103,103875832,"MGEA5,ENSG00000198408","LDB1,ENSG00000198728","hg19","MCF7","ChIA-PET",3e-26,3e-26,4,22265404
"chr10",103576709,103579851,"chr10",103910339,103912737,"MGEA5,ENSG00000198408","NOLC1,ENSG00000166197","hg19","K562","ChIA-PET",2e-10,2e-10,4,22265404
"chr10",103576734,103579722,"chr10",103824140,103827192,"MGEA5,ENSG00000198408","HPS6,ENSG00000166189","hg19","K562","ChIA-PET",5e-22,5e-22,4,22265404
"chr10",103576889,103580815,"chr10",103891395,103894893,"MGEA5,ENSG00000198408","PPRC1,ENSG00000148840","hg19","K562","ChIA-PET",1e-08,1e-08,4,22265404
"chr10",103576946,103580531,"chr10",103586322,103593499,"MGEA5,ENSG00000198408","KCNIP2,ENSG00000120049","hg19","K562","ChIA-PET",8e-09,8e-09,11,22265404
"chr10",103576946,103582878,"chr10",103585758,103589923,"MGEA5,ENSG00000198408","KCNIP2,ENSG00000120049","hg19","K562","ChIA-PET",6.67e-33,6.67e-33,8,22265404
"chr10",103597693,103600960,"chr10",103823633,103827763,"KCNIP2,ENSG00000120049","HPS6,ENSG00000166189","hg19","K562","ChIA-PET",5.24e-22,5.24e-22,5,22265404
"chr10",103811836,103820339,"chr10",103821277,103826789,"C10orf76,ENSG00000120029","HPS6,ENSG00000166189","hg19","K562","ChIA-PET",1e-15,1e-15,19,22265404
"chr10",103811941,103817775,"chr10",103823238,103828400,"C10orf76,ENSG00000120029","HPS6,ENSG00000166189","hg19","MCF7","ChIA-PET",4e-12,4e-12,13,22265404
"chr10",103812557,103817163,"chr10",103823941,103829010,"C10orf76,ENSG00000120029","HPS6,ENSG00000166189","hg19","MCF7","ChIA-PET",1e-09,1e-09,7,22265404
"chr10",103814547,103817164,"chr10",103891299,103894422,"C10orf76,ENSG00000120029","PPRC1,ENSG00000148840","hg19","K562","ChIA-PET",0,0,4,22265404
"chr10",103822580,103826717,"chr10",103892586,103896250,"HPS6,ENSG00000166189","PPRC1,ENSG00000148840","hg19","K562","ChIA-PET",2.12e-12,2.12e-12,5,22265404
"chr10",103825004,103829939,"chr10",103890818,103894242,"HPS6,ENSG00000166189","PPRC1,ENSG00000148840","hg19","K562","ChIA-PET",0,0,5,22265404
"chr10",103870435,103882816,"chr10",103889114,103896270,"LDB1,ENSG00000198728","PPRC1,ENSG00000148840","hg19","K562","ChIA-PET",2e-39,2e-39,30,22265404
"chr10",103870641,103875481,"chr10",103891290,103898143,"LDB1,ENSG00000198728","PPRC1,ENSG00000148840","hg19","MCF7","ChIA-PET",7e-24,7e-24,11,22265404
"chr10",103871619,103876192,"chr10",103910196,103913280,"LDB1,ENSG00000198728","NOLC1,ENSG00000166197","hg19","MCF7","ChIA-PET",6e-18,6e-18,4,22265404
"chr10",103872787,103882709,"chr10",103889306,103896489,"LDB1,ENSG00000198728","PPRC1,ENSG00000148840","hg19","MCF7","ChIA-PET",2e-11,2e-11,28,22265404
"chr10",103874263,103884277,"chr10",103890201,103898995,"LDB1,ENSG00000198728","PPRC1,ENSG00000148840","hg19","K562","ChIA-PET",1.76e-15,1.76e-15,24,22265404
"chr10",103875913,103883243,"chr10",103889341,103897481,"LDB1,ENSG00000198728","PPRC1,ENSG00000148840","hg19","MCF7","ChIA-PET",7e-12,7e-12,26,22265404
"chr10",103878587,103882481,"chr10",104209046,104212809,"LDB1,ENSG00000198728","C10orf95,ENSG00000120055","hg19","MCF7","ChIA-PET",5e-18,5e-18,5,22265404
"chr10",103879507,103883750,"chr10",103898255,103902795,"LDB1,ENSG00000198728","PPRC1,ENSG00000148840","hg19","MCF7","ChIA-PET",0,0,6,22265404
"chr10",103879693,103882935,"chr10",103910448,103913566,"LDB1,ENSG00000198728","NOLC1,ENSG00000166197","hg19","K562","ChIA-PET",3.55e-16,3.55e-16,5,22265404
"chr10",103890810,103894316,"chr10",104179338,104182485,"PPRC1,ENSG00000148840","PSD,FBXL15,ENSG00000059915,ENSG00000107872","hg19","MCF7","ChIA-PET",2e-32,2e-32,4,22265404
"chr10",103890902,103895123,"chr10",104180716,104184046,"PPRC1,ENSG00000148840","PSD,ENSG00000059915","hg19","MCF7","ChIA-PET",0,0,4,22265404
"chr10",103891150,103896034,"chr10",103907768,103913676,"PPRC1,ENSG00000148840","PPRC1,NOLC1,ENSG00000148840,ENSG00000166197","hg19","MCF7","ChIA-PET",3e-05,3e-05,18,22265404
"chr10",103891386,103896336,"chr10",103906992,103914166,"PPRC1,ENSG00000148840","PPRC1,NOLC1,ENSG00000148840,ENSG00000166197","hg19","MCF7","ChIA-PET",1e-19,1e-19,25,22265404
"chr10",103892649,103895077,"chr10",103900844,103904469,"PPRC1,ENSG00000148840","PPRC1,ENSG00000148840","hg19","MCF7","ChIA-PET",1e-35,1e-35,4,22265404
"chr10",103898177,103905788,"chr10",103908464,103914229,"PPRC1,ENSG00000148840","NOLC1,ENSG00000166197","hg19","MCF7","ChIA-PET",1e-16,1e-16,9,22265404
"chr10",103907210,103914627,"chr10",103919803,103924532,"PPRC1,NOLC1,ENSG00000148840,ENSG00000166197","NOLC1,ENSG00000166197","hg19","MCF7","ChIA-PET",0,0,10,22265404
"chr10",103910696,103914488,"chr10",104152843,104156531,"NOLC1,ENSG00000166197","NFKB2,ENSG00000077150","hg19","K562","ChIA-PET",1e-26,1e-26,5,22265404
"chr10",103984166,103987814,"chr10",103988472,103993980,"ELOVL3,ENSG00000119915","PITX3,ENSG00000107859","hg19","K562","ChIA-PET",8e-14,8e-14,9,22265404
"chr10",103988263,103994222,"chr10",103997050,104003564,"PITX3,ENSG00000107859","PITX3,ENSG00000107859","hg19","K562","ChIA-PET",1e-09,1e-09,11,22265404
"chr10",104152035,104155289,"chr10",104402673,104405732,"NFKB2,ENSG00000077150","TRIM8,ENSG00000171206","hg19","MCF7","ChIA-PET",4e-24,4e-24,5,22265404
"chr10",104152660,104157208,"chr10",104209076,104212463,"NFKB2,ENSG00000077150","C10orf95,ENSG00000120055","hg19","MCF7","ChIA-PET",7e-10,7e-10,7,22265404
"chr10",104153768,104157316,"chr10",104208866,104212470,"NFKB2,ENSG00000077150","C10orf95,ENSG00000120055","hg19","MCF7","ChIA-PET",7e-18,7e-18,8,22265404
"chr10",104177501,104184148,"chr10",104208338,104214020,"PSD,FBXL15,CUEDC2,ENSG00000059915,ENSG00000107872,ENSG00000107874","C10orf95,ENSG00000120055","hg19","K562","ChIA-PET",1e-13,1e-13,11,22265404
"chr10",104177706,104182273,"chr10",104259899,104263672,"PSD,FBXL15,ENSG00000059915,ENSG00000107872","ACTR1A,ENSG00000138107","hg19","MCF7","ChIA-PET",2e-40,2e-40,5,22265404
"chr10",104177893,104183417,"chr10",104207643,104212350,"PSD,FBXL15,ENSG00000059915,ENSG00000107872","C10orf95,ENSG00000120055","hg19","MCF7","ChIA-PET",0,0,16,22265404
"chr10",104179016,104182664,"chr10",104208941,104212861,"PSD,FBXL15,ENSG00000059915,ENSG00000107872","C10orf95,ENSG00000120055","hg19","K562","ChIA-PET",4.68e-14,4.68e-14,5,22265404
"chr10",104179201,104183610,"chr10",104207660,104212816,"PSD,FBXL15,ENSG00000059915,ENSG00000107872","C10orf95,ENSG00000120055","hg19","MCF7","ChIA-PET",6e-09,6e-09,11,22265404
"chr10",104179247,104182911,"chr10",104401766,104406453,"PSD,FBXL15,ENSG00000059915,ENSG00000107872","TRIM8,ENSG00000171206","hg19","K562","ChIA-PET",1.58e-16,1.58e-16,6,22265404
"chr10",104179615,104185460,"chr10",104188824,104194202,"PSD,FBXL15,CUEDC2,ENSG00000059915,ENSG00000107872,ENSG00000107874","CUEDC2,ENSG00000107874","hg19","MCF7","ChIA-PET",6e-09,6e-09,17,22265404
"chr10",104179858,104184082,"chr10",104220136,104222788,"PSD,FBXL15,CUEDC2,ENSG00000059915,ENSG00000107872,ENSG00000107874","TMEM180,ENSG00000138111","hg19","K562","ChIA-PET",3.82e-21,3.82e-21,6,22265404
"chr10",104189089,104193840,"chr10",104206923,104211706,"CUEDC2,ENSG00000107874","C10orf95,ENSG00000120055","hg19","MCF7","ChIA-PET",0,0,7,22265404
"chr10",104189359,104198819,"chr10",104206150,104213059,"CUEDC2,ENSG00000107874","C10orf95,ENSG00000120055","hg19","MCF7","ChIA-PET",1e-16,1e-16,24,22265404
"chr10",104189662,104197879,"chr10",104207051,104213077,"CUEDC2,ENSG00000107874","C10orf95,ENSG00000120055","hg19","K562","ChIA-PET",1.4e-23,1.4e-23,15,22265404
"chr10",104208154,104213276,"chr10",104260518,104265407,"C10orf95,ENSG00000120055","ACTR1A,SUFU,ENSG00000138107,ENSG00000107882","hg19","K562","ChIA-PET",0,0,8,22265404
"chr10",104208525,104212583,"chr10",104215639,104222515,"C10orf95,ENSG00000120055","TMEM180,ENSG00000138111","hg19","MCF7","ChIA-PET",2e-23,2e-23,10,22265404
"chr10",104210300,104213345,"chr10",104260518,104265465,"C10orf95,ENSG00000120055","ACTR1A,SUFU,ENSG00000138107,ENSG00000107882","hg19","K562","ChIA-PET",6.81e-24,6.81e-24,6,22265404
"chr10",104220186,104223803,"chr10",104228283,104231260,"TMEM180,ENSG00000138111","TMEM180,ENSG00000138111","hg19","K562","ChIA-PET",5e-36,5e-36,4,22265404
"chr10",104260400,104264027,"chr10",104400721,104405027,"ACTR1A,SUFU,ENSG00000138107,ENSG00000107882","TRIM8,ENSG00000171206","hg19","K562","ChIA-PET",3.16e-11,3.16e-11,6,22265404
"chr10",104260548,104264893,"chr10",104401663,104404899,"ACTR1A,SUFU,ENSG00000138107,ENSG00000107882","TRIM8,ENSG00000171206","hg19","MCF7","ChIA-PET",4e-19,4e-19,10,22265404
"chr10",104261635,104266036,"chr10",104470894,104475817,"ACTR1A,SUFU,ENSG00000138107,ENSG00000107882","ARL3,SFXN2,ENSG00000138175,ENSG00000156398","hg19","MCF7","ChIA-PET",1e-11,1e-11,7,22265404
"chr10",104400169,104421572,"chr10",104466492,104479725,"TRIM8,ENSG00000171206","ARL3,SFXN2,ENSG00000138175,ENSG00000156398","hg19","MCF7","ChIA-PET",1e-24,1e-24,82,22265404
"chr10",104401863,104408987,"chr10",104470857,104476187,"TRIM8,ENSG00000171206","ARL3,SFXN2,ENSG00000138175,ENSG00000156398","hg19","MCF7","ChIA-PET",0,0,10,22265404
"chr10",104402202,104407302,"chr10",104472836,104476762,"TRIM8,ENSG00000171206","ARL3,SFXN2,ENSG00000138175,ENSG00000156398","hg19","K562","ChIA-PET",0,0,4,22265404
"chr10",104472657,104476564,"chr10",104483029,104486729,"ARL3,SFXN2,ENSG00000138175,ENSG00000156398","SFXN2,ENSG00000156398","hg19","MCF7","ChIA-PET",6e-12,6e-12,5,22265404
"chr10",104673330,104679869,"chr10",104826221,104829946,"CNNM2,ENSG00000148842","CNNM2,ENSG00000148842","hg19","MCF7","ChIA-PET",1e-15,1e-15,7,22265404
"chr10",104673960,104680629,"chr10",104825553,104831884,"CNNM2,ENSG00000148842","CNNM2,ENSG00000148842","hg19","MCF7","ChIA-PET",1e-14,1e-14,11,22265404
"chr10",104676186,104679640,"chr10",104826408,104831149,"CNNM2,ENSG00000148842","CNNM2,ENSG00000148842","hg19","K562","ChIA-PET",2.04e-15,2.04e-15,6,22265404
"chr10",104677277,104680103,"chr10",104951263,104955052,"CNNM2,ENSG00000148842","NT5C2,ENSG00000076685","hg19","K562","ChIA-PET",4e-08,4e-08,4,22265404
"chr10",104909922,104915151,"chr10",104948910,104954900,"NT5C2,ENSG00000076685","NT5C2,ENSG00000076685","hg19","MCF7","ChIA-PET",4e-13,4e-13,9,22265404
"chr10",104911326,104915033,"chr10",104950274,104954528,"NT5C2,ENSG00000076685","NT5C2,ENSG00000076685","hg19","MCF7","ChIA-PET",1e-14,1e-14,5,22265404
"chr10",104933109,104937735,"chr10",104950626,104953078,"NT5C2,ENSG00000076685","NT5C2,ENSG00000076685","hg19","MCF7","ChIA-PET",7e-11,7e-11,5,22265404
"chr10",104945853,104957005,"chr10",104987501,105006000,"NT5C2,ENSG00000076685","RP11-332O19.5","hg19","MCF7","ChIA-PET",1e-18,1e-18,80,22265404
"chr10",105109369,105113695,"chr10",105126569,105129297,"PCGF6,ENSG00000156374","TAF5,ENSG00000148835","hg19","MCF7","ChIA-PET",1e-38,1e-38,8,22265404
"chr10",105109386,105112395,"chr10",105126001,105129204,"PCGF6,ENSG00000156374","TAF5,ENSG00000148835","hg19","K562","ChIA-PET",3e-16,3e-16,5,22265404
"chr10",105109386,105113143,"chr10",105126851,105129204,"PCGF6,ENSG00000156374","TAF5,ENSG00000148835","hg19","K562","ChIA-PET",5.85e-21,5.85e-21,5,22265404
"chr10",105109430,105112870,"chr10",105152681,105157903,"PCGF6,ENSG00000156374","USMG5,PDCD11,ENSG00000173915,ENSG00000148843","hg19","K562","ChIA-PET",6.82e-17,6.82e-17,8,22265404
"chr10",105125671,105130486,"chr10",105153142,105159612,"TAF5,ENSG00000148835","USMG5,PDCD11,ENSG00000173915,ENSG00000148843","hg19","K562","ChIA-PET",2e-07,2e-07,8,22265404
"chr10",105126440,105130656,"chr10",105154574,105159361,"TAF5,ENSG00000148835","USMG5,PDCD11,ENSG00000173915,ENSG00000148843","hg19","MCF7","ChIA-PET",2e-41,2e-41,12,22265404
"chr10",105154777,105160059,"chr10",105160417,105164893,"USMG5,PDCD11,ENSG00000173915,ENSG00000148843","PDCD11,ENSG00000148843","hg19","K562","ChIA-PET",1.08e-20,1.08e-20,5,22265404
"chr10",105197988,105206071,"chr10",105206654,105212567,"PDCD11,ENSG00000148843","CALHM2,ENSG00000138172","hg19","MCF7","ChIA-PET",7e-19,7e-19,15,22265404
"chr10",105209542,105213369,"chr10",105234512,105239384,"CALHM2,ENSG00000138172","CALHM3,ENSG00000183128","hg19","MCF7","ChIA-PET",2e-10,2e-10,5,22265404
"chr10",105210218,105213209,"chr10",105216601,105220504,"CALHM2,ENSG00000138172","CALHM1,ENSG00000185933","hg19","K562","ChIA-PET",7e-10,7e-10,4,22265404
"chr10",105210325,105213851,"chr10",105213938,105219110,"CALHM2,ENSG00000138172","CALHM1,ENSG00000185933","hg19","MCF7","ChIA-PET",1e-09,1e-09,6,22265404
"chr10",105210594,105213625,"chr10",105237319,105241999,"CALHM2,ENSG00000138172","CALHM3,ENSG00000183128","hg19","MCF7","ChIA-PET",5e-35,5e-35,6,22265404
"chr10",105210917,105214829,"chr10",105216224,105218741,"CALHM2,ENSG00000138172","CALHM1,ENSG00000185933","hg19","K562","ChIA-PET",6.21e-21,6.21e-21,4,22265404
"chr10",105211015,105214658,"chr10",105216321,105220083,"CALHM2,ENSG00000138172","CALHM1,ENSG00000185933","hg19","MCF7","ChIA-PET",1e-17,1e-17,8,22265404
"chr10",105657182,105661408,"chr10",105675549,105678236,"OBFC1,ENSG00000107960","OBFC1,ENSG00000107960","hg19","MCF7","ChIA-PET",1e-27,1e-27,4,22265404
"chr10",105675555,105681058,"chr10",105724868,105729430,"OBFC1,ENSG00000107960","SLK,ENSG00000065613","hg19","MCF7","ChIA-PET",5e-25,5e-25,12,22265404
"chr10",105675605,105679611,"chr10",105725100,105727851,"OBFC1,ENSG00000107960","SLK,ENSG00000065613","hg19","K562","ChIA-PET",4.16e-13,4.16e-13,4,22265404
"chr10",105676493,105680367,"chr10",105724958,105728862,"OBFC1,ENSG00000107960","SLK,ENSG00000065613","hg19","K562","ChIA-PET",4e-15,4e-15,7,22265404
"chr10",105676599,105682442,"chr10",105725150,105729956,"OBFC1,ENSG00000107960","SLK,ENSG00000065613","hg19","MCF7","ChIA-PET",3e-21,3e-21,9,22265404
"chr10",105725683,105729285,"chr10",105880525,105882596,"SLK,ENSG00000065613","SFR1,ENSG00000156384","hg19","MCF7","ChIA-PET",3e-25,3e-25,4,22265404
"chr10",105823499,105826798,"chr10",105880258,105883019,"COL17A1,ENSG00000065618","SFR1,ENSG00000156384","hg19","MCF7","ChIA-PET",3e-15,3e-15,4,22265404
"chr10",106012998,106018133,"chr10",106025325,106030804,"GSTO1,ENSG00000148834","GSTO2,ENSG00000065621","hg19","MCF7","ChIA-PET",1e-26,1e-26,10,22265404
"chr10",106025158,106031218,"chr10",106032696,106040897,"GSTO2,ENSG00000065621","GSTO2,ENSG00000065621","hg19","MCF7","ChIA-PET",0,0,14,22265404
"chr10",106027655,106031181,"chr10",106109358,106113550,"GSTO2,ENSG00000065621","CCDC147,ENSG00000120051","hg19","MCF7","ChIA-PET",1e-14,1e-14,5,22265404
"chr10",106028836,106032105,"chr10",106032206,106037681,"GSTO2,ENSG00000065621","GSTO2,ENSG00000065621","hg19","MCF7","ChIA-PET",2e-38,2e-38,9,22265404
"chr10",106034369,106041852,"chr10",106042128,106048285,"GSTO2,ENSG00000065621","GSTO2,ENSG00000065621","hg19","MCF7","ChIA-PET",0,0,8,22265404
"chr10",106034646,106039206,"chr10",106043690,106046717,"GSTO2,ENSG00000065621","GSTO2,ENSG00000065621","hg19","K562","ChIA-PET",2e-30,2e-30,4,22265404
"chr10",106034738,106037744,"chr10",106049927,106056005,"GSTO2,ENSG00000065621","GSTO2,ENSG00000065621","hg19","MCF7","ChIA-PET",1e-12,1e-12,5,22265404
"chr10",106087141,106090248,"chr10",106096166,106099006,"ITPRIP,ENSG00000148841","ITPRIP,ENSG00000148841","hg19","MCF7","ChIA-PET",1e-08,1e-08,4,22265404
"chr10",106089610,106094101,"chr10",106095519,106101386,"ITPRIP,ENSG00000148841","ITPRIP,ENSG00000148841","hg19","MCF7","ChIA-PET",1e-08,1e-08,9,22265404
"chr10",1090197,1098635,"chr10",1098667,1108160,"IDI1,WDR37,ENSG00000067064,ENSG00000047056","WDR37,ENSG00000047056","hg19","K562","ChIA-PET",5.1e-20,5.1e-20,39,22265404
"chr10",1100725,1104850,"chr10",1118585,1122154,"WDR37,ENSG00000047056","WDR37,ENSG00000047056","hg19","K562","ChIA-PET",8e-11,8e-11,6,22265404
"chr10",1100859,1106350,"chr10",1117983,1126025,"WDR37,ENSG00000047056","WDR37,ENSG00000047056","hg19","MCF7","ChIA-PET",4e-32,4e-32,11,22265404
"chr10",111672728,111679119,"chr10",111680897,111684497,"XPNPEP1,ENSG00000108039","XPNPEP1,ENSG00000108039","hg19","MCF7","ChIA-PET",2e-13,2e-13,10,22265404
"chr10",111674777,111676598,"chr10",111681246,111683967,"XPNPEP1,ENSG00000108039","XPNPEP1,ENSG00000108039","hg19","MCF7","ChIA-PET",6e-20,6e-20,4,22265404
"chr10",111754785,111758912,"chr10",111765252,111768474,"ADD3,ENSG00000148700","ADD3,ENSG00000148700","hg19","K562","ChIA-PET",5e-32,5e-32,5,22265404
"chr10",111766112,111770738,"chr10",111771258,111778800,"ADD3,ENSG00000148700","ADD3,ENSG00000148700","hg19","K562","ChIA-PET",1.95e-42,1.95e-42,12,22265404
"chr10",111969454,111973134,"chr10",111984742,111988793,"MXI1,ENSG00000119950","MXI1,ENSG00000119950","hg19","MCF7","ChIA-PET",1e-15,1e-15,6,22265404
"chr10",112061121,112065690,"chr10",112325047,112328858,"SMNDC1,ENSG00000119953","SMC3,ENSG00000108055","hg19","MCF7","ChIA-PET",6e-21,6e-21,5,22265404
"chr10",112062034,112065341,"chr10",112325616,112329855,"SMNDC1,ENSG00000119953","SMC3,ENSG00000108055","hg19","MCF7","ChIA-PET",2e-09,2e-09,4,22265404
"chr10",112255572,112259764,"chr10",112325776,112329324,"DUSP5,ENSG00000138166","SMC3,ENSG00000108055","hg19","K562","ChIA-PET",4.79e-16,4.79e-16,5,22265404
"chr10",112579505,112583802,"chr10",112587400,112591373,"RBM20,ENSG00000203867","RBM20,ENSG00000203867","hg19","MCF7","ChIA-PET",5e-13,5e-13,5,22265404
"chr10",112580755,112589346,"chr10",112627817,112636075,"RBM20,ENSG00000203867","PDCD4,ENSG00000150593","hg19","MCF7","ChIA-PET",7e-21,7e-21,27,22265404
"chr10",112581444,112587243,"chr10",112629842,112633404,"RBM20,ENSG00000203867","PDCD4,ENSG00000150593","hg19","MCF7","ChIA-PET",1e-19,1e-19,6,22265404
"chr10",112582382,112584643,"chr10",112585377,112589388,"RBM20,ENSG00000203867","RBM20,ENSG00000203867","hg19","MCF7","ChIA-PET",5e-24,5e-24,5,22265404
"chr10",112582540,112585422,"chr10",112589787,112595688,"RBM20,ENSG00000203867","RBM20,ENSG00000203867","hg19","MCF7","ChIA-PET",0,0,6,22265404
"chr10",112630166,112634091,"chr10",112649118,112655902,"PDCD4,ENSG00000150593","PDCD4,ENSG00000150593","hg19","MCF7","ChIA-PET",1e-20,1e-20,7,22265404
"chr10",112630522,112633740,"chr10",112677502,112680452,"PDCD4,ENSG00000150593","BBIP1,SHOC2,ENSG00000214413,ENSG00000108061","hg19","K562","ChIA-PET",2.52e-18,2.52e-18,8,22265404
"chr10",112630838,112635784,"chr10",112676837,112681433,"PDCD4,ENSG00000150593","BBIP1,SHOC2,ENSG00000214413,ENSG00000108061","hg19","K562","ChIA-PET",3e-10,3e-10,10,22265404
"chr10",112630933,112635987,"chr10",112638238,112642004,"PDCD4,ENSG00000150593","PDCD4,ENSG00000150593","hg19","MCF7","ChIA-PET",2e-21,2e-21,12,22265404
"chr10",112664345,112669629,"chr10",112675236,112680543,"BBIP1,ENSG00000214413","BBIP1,SHOC2,ENSG00000214413,ENSG00000108061","hg19","K562","ChIA-PET",4.22e-32,4.22e-32,10,22265404
"chr10",115422614,115425964,"chr10",115439140,115442574,"NRAP,ENSG00000197893","CASP7,ENSG00000165806","hg19","MCF7","ChIA-PET",0,0,4,22265404
"chr10",115932095,115934502,"chr10",115997314,116000569,"C10orf118,ENSG00000165813","VWA2,ENSG00000165816","hg19","MCF7","ChIA-PET",0,0,5,22265404
"chr10",115932616,115937202,"chr10",115937322,115941471,"C10orf118,ENSG00000165813","TDRD1,ENSG00000095627","hg19","MCF7","ChIA-PET",5e-19,5e-19,12,22265404
"chr10",115933121,115936570,"chr10",115937140,115940548,"C10orf118,ENSG00000165813","TDRD1,ENSG00000095627","hg19","MCF7","ChIA-PET",2e-08,2e-08,7,22265404
"chr10",116696953,116700606,"chr10",116852065,116855116,"TRUB1,ENSG00000165832","ATRNL1,ENSG00000107518","hg19","MCF7","ChIA-PET",1e-12,1e-12,4,22265404
"chr10",11784177,11787577,"chr10",11788577,11791721,"ECHDC3,ENSG00000134463","ECHDC3,ENSG00000134463","hg19","K562","ChIA-PET",6e-09,6e-09,6,22265404
"chr10",11863637,11868899,"chr10",11871691,11875419,"PROSER2,ENSG00000148426","PROSER2,ENSG00000148426","hg19","MCF7","ChIA-PET",1e-12,1e-12,12,22265404
"chr10",119795764,119801009,"chr10",119804606,119807707,"RAB11FIP2,ENSG00000107560","RAB11FIP2,ENSG00000107560","hg19","MCF7","ChIA-PET",0,0,5,22265404
"chr10",120443560,120447300,"chr10",120448389,120452514,"CACUL1,ENSG00000151893","CACUL1,ENSG00000151893","hg19","K562","ChIA-PET",1.12e-16,1.12e-16,4,22265404
"chr10",12074813,12079699,"chr10",12081974,12085394,"UPF2,ENSG00000151461","UPF2,ENSG00000151461","hg19","K562","ChIA-PET",5.53e-12,5.53e-12,6,22265404
"chr10",120787669,120793496,"chr10",120838300,120842094,"NANOS1,ENSG00000188613","EIF3A,ENSG00000107581","hg19","K562","ChIA-PET",1e-15,1e-15,14,22265404
"chr10",120787837,120790955,"chr10",120838521,120841476,"NANOS1,ENSG00000188613","EIF3A,ENSG00000107581","hg19","K562","ChIA-PET",4.72e-25,4.72e-25,7,22265404
"chr10",12082678,12086495,"chr10",12109496,12115110,"UPF2,ENSG00000151461","DHTKD1,ENSG00000181192","hg19","MCF7","ChIA-PET",1e-12,1e-12,6,22265404
"chr10",12083133,12086740,"chr10",12169505,12173055,"UPF2,ENSG00000151461","SEC61A2,ENSG00000065665","hg19","MCF7","ChIA-PET",4e-24,4e-24,4,22265404
"chr10",12083149,12085486,"chr10",12235252,12239976,"UPF2,ENSG00000151461","NUDT5,CDC123,ENSG00000165609,ENSG00000151465","hg19","K562","ChIA-PET",8e-08,8e-08,6,22265404
"chr10",120837750,120843031,"chr10",120859693,120864795,"EIF3A,ENSG00000107581","FAM45A,ENSG00000119979","hg19","MCF7","ChIA-PET",3e-10,3e-10,14,22265404
"chr10",120837932,120842589,"chr10",120933279,120939654,"EIF3A,ENSG00000107581","PRDX3,ENSG00000165672","hg19","K562","ChIA-PET",1.18e-14,1.18e-14,8,22265404
"chr10",120838013,120841024,"chr10",120871248,120876086,"EIF3A,ENSG00000107581","FAM45A,ENSG00000119979","hg19","K562","ChIA-PET",8.38e-16,8.38e-16,4,22265404
"chr10",120838239,120841593,"chr10",120861334,120865045,"EIF3A,ENSG00000107581","FAM45A,ENSG00000119979","hg19","K562","ChIA-PET",2e-18,2e-18,4,22265404
"chr10",120838467,120841526,"chr10",120923578,120927015,"EIF3A,ENSG00000107581","SFXN4,ENSG00000183605","hg19","MCF7","ChIA-PET",2e-10,2e-10,5,22265404
"chr10",120838511,120842373,"chr10",120859088,120865184,"EIF3A,ENSG00000107581","FAM45A,ENSG00000119979","hg19","MCF7","ChIA-PET",1e-14,1e-14,18,22265404
"chr10",120838657,120841450,"chr10",120923486,120927731,"EIF3A,ENSG00000107581","SFXN4,ENSG00000183605","hg19","K562","ChIA-PET",3.5e-12,3.5e-12,6,22265404
"chr10",12084319,12087714,"chr10",12107979,12111968,"UPF2,ENSG00000151461","DHTKD1,ENSG00000181192","hg19","K562","ChIA-PET",5.27e-26,5.27e-26,7,22265404
"chr10",120862571,120866091,"chr10",120868847,120876200,"FAM45A,ENSG00000119979","FAM45A,ENSG00000119979","hg19","MCF7","ChIA-PET",1e-15,1e-15,8,22265404
"chr10",120922253,120925317,"chr10",120933087,120936002,"SFXN4,ENSG00000183605","PRDX3,ENSG00000165672","hg19","MCF7","ChIA-PET",8e-15,8e-15,4,22265404
"chr10",120922719,120931124,"chr10",120934249,120939757,"SFXN4,PRDX3,ENSG00000183605,ENSG00000165672","PRDX3,ENSG00000165672","hg19","MCF7","ChIA-PET",1e-08,1e-08,17,22265404
"chr10",120922937,120926846,"chr10",120936574,120942265,"SFXN4,ENSG00000183605","PRDX3,ENSG00000165672","hg19","MCF7","ChIA-PET",1e-16,1e-16,13,22265404
"chr10",120923304,120927841,"chr10",120929965,120933082,"SFXN4,ENSG00000183605","PRDX3,ENSG00000165672","hg19","MCF7","ChIA-PET",5e-23,5e-23,6,22265404
"chr10",120924357,120926755,"chr10",120927887,120930534,"SFXN4,ENSG00000183605","PRDX3,ENSG00000165672","hg19","MCF7","ChIA-PET",3e-09,3e-09,4,22265404
"chr10",121282065,121289615,"chr10",121298255,121305676,"RGS10,ENSG00000148908","RGS10,ENSG00000148908","hg19","MCF7","ChIA-PET",0,0,11,22265404
"chr10",121282484,121286277,"chr10",121302151,121305267,"RGS10,ENSG00000148908","RGS10,ENSG00000148908","hg19","K562","ChIA-PET",2e-29,2e-29,4,22265404
"chr10",121283540,121286041,"chr10",121354252,121357967,"RGS10,ENSG00000148908","TIAL1,ENSG00000151923","hg19","MCF7","ChIA-PET",0,0,4,22265404
"chr10",121284394,121288538,"chr10",121301942,121303823,"RGS10,ENSG00000148908","RGS10,ENSG00000148908","hg19","MCF7","ChIA-PET",0,0,4,22265404
"chr10",121298737,121308662,"chr10",121353011,121358345,"RGS10,ENSG00000148908","TIAL1,ENSG00000151923","hg19","MCF7","ChIA-PET",1e-09,1e-09,13,22265404
"chr10",121299004,121305549,"chr10",121349247,121359465,"RGS10,ENSG00000148908","TIAL1,ENSG00000151923","hg19","MCF7","ChIA-PET",9e-12,9e-12,18,22265404
"chr10",121300399,121304148,"chr10",121352279,121357345,"RGS10,ENSG00000148908","TIAL1,ENSG00000151923","hg19","K562","ChIA-PET",6e-21,6e-21,8,22265404
"chr10",121300785,121304881,"chr10",121352279,121357706,"RGS10,ENSG00000148908","TIAL1,ENSG00000151923","hg19","K562","ChIA-PET",4.93e-15,4.93e-15,8,22265404
"chr10",121339471,121349219,"chr10",121353498,121357926,"TIAL1,ENSG00000151923","TIAL1,ENSG00000151923","hg19","MCF7","ChIA-PET",0,0,14,22265404
"chr10",121340509,121345370,"chr10",121346801,121350371,"TIAL1,ENSG00000151923","TIAL1,ENSG00000151923","hg19","MCF7","ChIA-PET",2e-24,2e-24,4,22265404
"chr10",121350406,121353511,"chr10",121353974,121357418,"TIAL1,ENSG00000151923","TIAL1,ENSG00000151923","hg19","K562","ChIA-PET",6e-09,6e-09,7,22265404
"chr10",121353645,121359126,"chr10",121408208,121413482,"TIAL1,ENSG00000151923","BAG3,ENSG00000151929","hg19","K562","ChIA-PET",2.34e-18,2.34e-18,13,22265404
"chr10",121354119,121357541,"chr10",121408569,121412512,"TIAL1,ENSG00000151923","BAG3,ENSG00000151929","hg19","MCF7","ChIA-PET",1e-11,1e-11,5,22265404
"chr10",121354211,121358174,"chr10",121409106,121413906,"TIAL1,ENSG00000151923","BAG3,ENSG00000151929","hg19","MCF7","ChIA-PET",1e-08,1e-08,12,22265404
"chr10",121354926,121358480,"chr10",121483898,121486877,"TIAL1,ENSG00000151923","INPP5F,ENSG00000198825","hg19","K562","ChIA-PET",8.91e-17,8.91e-17,4,22265404
"chr10",121482832,121487036,"chr10",121631405,121634718,"INPP5F,ENSG00000198825","MCMBP,ENSG00000197771","hg19","K562","ChIA-PET",4e-09,4e-09,4,22265404
"chr10",121616642,121622025,"chr10",121650595,121655787,"MCMBP,ENSG00000197771","MCMBP,SEC23IP,ENSG00000197771,ENSG00000107651","hg19","MCF7","ChIA-PET",1e-11,1e-11,5,22265404
"chr10",121616784,121622803,"chr10",121628153,121633504,"MCMBP,ENSG00000197771","MCMBP,ENSG00000197771","hg19","MCF7","ChIA-PET",5e-20,5e-20,10,22265404
"chr10",121628603,121637253,"chr10",121649257,121658259,"MCMBP,ENSG00000197771","MCMBP,SEC23IP,ENSG00000197771,ENSG00000107651","hg19","MCF7","ChIA-PET",1e-07,1e-07,18,22265404
"chr10",121629804,121638118,"chr10",121650513,121658744,"MCMBP,ENSG00000197771","MCMBP,SEC23IP,ENSG00000197771,ENSG00000107651","hg19","MCF7","ChIA-PET",0,0,24,22265404
"chr10",121630858,121633955,"chr10",121649308,121654407,"MCMBP,ENSG00000197771","MCMBP,SEC23IP,ENSG00000197771,ENSG00000107651","hg19","K562","ChIA-PET",2e-16,2e-16,6,22265404
"chr10",121630866,121634057,"chr10",121658991,121662677,"MCMBP,ENSG00000197771","SEC23IP,ENSG00000107651","hg19","MCF7","ChIA-PET",7e-09,7e-09,4,22265404
"chr10",121649522,121654922,"chr10",121662163,121670978,"MCMBP,SEC23IP,ENSG00000197771,ENSG00000107651","SEC23IP,ENSG00000107651","hg19","MCF7","ChIA-PET",2e-11,2e-11,10,22265404
"chr10",121652143,121656432,"chr10",121660670,121664127,"SEC23IP,ENSG00000107651","SEC23IP,ENSG00000107651","hg19","K562","ChIA-PET",3e-18,3e-18,4,22265404
"chr10",122611688,122616888,"chr10",122621427,122626907,"WDR11,ENSG00000120008","WDR11,ENSG00000120008","hg19","K562","ChIA-PET",6.37e-21,6.37e-21,4,22265404
"chr10",123351750,123355220,"chr10",123355559,123357911,"FGFR2,ENSG00000066468","FGFR2,ENSG00000066468","hg19","MCF7","ChIA-PET",1e-12,1e-12,4,22265404
"chr10",123684547,123688485,"chr10",123871222,123873994,"ATE1,ENSG00000107669","TACC2,ENSG00000138162","hg19","MCF7","ChIA-PET",1e-22,1e-22,7,22265404
"chr10",123685600,123689136,"chr10",123732543,123736413,"ATE1,ENSG00000107669","NSMCE4A,ENSG00000107672","hg19","MCF7","ChIA-PET",2e-12,2e-12,6,22265404
"chr10",123686272,123690100,"chr10",123871194,123876388,"ATE1,ENSG00000107669","TACC2,ENSG00000138162","hg19","MCF7","ChIA-PET",0,0,7,22265404
"chr10",123686617,123689263,"chr10",123732467,123736104,"ATE1,ENSG00000107669","NSMCE4A,ENSG00000107672","hg19","MCF7","ChIA-PET",1e-18,1e-18,8,22265404
"chr10",123686621,123689928,"chr10",123732582,123736351,"ATE1,ENSG00000107669","NSMCE4A,ENSG00000107672","hg19","K562","ChIA-PET",4.66e-10,4.66e-10,4,22265404
"chr10",123731392,123736365,"chr10",123869962,123875290,"NSMCE4A,ENSG00000107672","TACC2,ENSG00000138162","hg19","MCF7","ChIA-PET",1e-12,1e-12,8,22265404
"chr10",123732617,123737284,"chr10",123746668,123756375,"NSMCE4A,ENSG00000107672","TACC2,ENSG00000138162","hg19","MCF7","ChIA-PET",1e-08,1e-08,12,22265404
"chr10",123732941,123736183,"chr10",123870747,123873901,"NSMCE4A,ENSG00000107672","TACC2,ENSG00000138162","hg19","MCF7","ChIA-PET",6e-31,6e-31,6,22265404
"chr10",123733086,123738133,"chr10",123748268,123754626,"NSMCE4A,ENSG00000107672","TACC2,ENSG00000138162","hg19","MCF7","ChIA-PET",8e-39,8e-39,11,22265404
"chr10",123871649,123873762,"chr10",123884153,123887916,"TACC2,ENSG00000138162","TACC2,ENSG00000138162","hg19","MCF7","ChIA-PET",9e-09,9e-09,4,22265404
"chr10",124637269,124641186,"chr10",124738528,124741369,"CUZD1,FAM24B,ENSG00000138161,ENSG00000213185","PSTK,ENSG00000179988","hg19","MCF7","ChIA-PET",1e-12,1e-12,5,22265404
"chr10",124637812,124640801,"chr10",124766153,124770389,"CUZD1,FAM24B,ENSG00000138161,ENSG00000213185","IKZF5,ACADSB,ENSG00000095574,ENSG00000196177","hg19","K562","ChIA-PET",4.94e-28,4.94e-28,5,22265404
"chr10",124639004,124641049,"chr10",124766153,124769547,"CUZD1,FAM24B,ENSG00000138161,ENSG00000213185","IKZF5,ACADSB,ENSG00000095574,ENSG00000196177","hg19","K562","ChIA-PET",5e-10,5e-10,4,22265404
"chr10",124710644,124716617,"chr10",124738711,124743471,"C10orf88,PSTK,ENSG00000119965,ENSG00000179988","PSTK,ENSG00000179988","hg19","K562","ChIA-PET",4.97e-30,4.97e-30,6,22265404
"chr10",124710644,124718772,"chr10",124737204,124743471,"C10orf88,PSTK,ENSG00000119965,ENSG00000179988","PSTK,ENSG00000179988","hg19","K562","ChIA-PET",0,0,12,22265404
"chr10",124713406,124718955,"chr10",124765780,124770054,"C10orf88,PSTK,ENSG00000119965,ENSG00000179988","IKZF5,ACADSB,ENSG00000095574,ENSG00000196177","hg19","K562","ChIA-PET",9e-10,9e-10,6,22265404
"chr10",124738388,124742169,"chr10",124764226,124770049,"PSTK,ENSG00000179988","IKZF5,ACADSB,ENSG00000095574,ENSG00000196177","hg19","K562","ChIA-PET",6.64e-20,6.64e-20,9,22265404
"chr10",124738549,124743211,"chr10",124764606,124769587,"PSTK,ENSG00000179988","IKZF5,ACADSB,ENSG00000095574,ENSG00000196177","hg19","MCF7","ChIA-PET",1e-13,1e-13,7,22265404
"chr10",124738570,124741204,"chr10",124765655,124770064,"PSTK,ENSG00000179988","IKZF5,ACADSB,ENSG00000095574,ENSG00000196177","hg19","MCF7","ChIA-PET",5e-08,5e-08,5,22265404
"chr10",124738854,124742147,"chr10",124766159,124769834,"PSTK,ENSG00000179988","IKZF5,ACADSB,ENSG00000095574,ENSG00000196177","hg19","K562","ChIA-PET",4e-12,4e-12,5,22265404
