"Gene","Chr","Start","End"
"ABCC2,ENSG00000023839","chr10",101537931,101543293
"AC009802,ENSG00000268706","chr18",61609494,61611778
"AC018512,ENSG00000268488","chr15",44074989,44078735
"AC106873,ENSG00000228368","chr7",116604327,116608063
"ACTR1A,ENSG00000138107","chr10",104259899,104263672
"ACTR1A,SUFU,ENSG00000138107,ENSG00000107882","chr10",104260400,104264027
"ACTR1A,SUFU,ENSG00000138107,ENSG00000107882","chr10",104260548,104264893
"ACTR1A,SUFU,ENSG00000138107,ENSG00000107882","chr10",104261635,104266036
"ACTR1A,SUFU,ENSG00000138107,ENSG00000107882","chr10",104260518,104265407
"ACTR1A,SUFU,ENSG00000138107,ENSG00000107882","chr10",104260518,104265465
"ADD3,ENSG00000148700","chr10",111754785,111758912
"ADD3,ENSG00000148700","chr10",111766112,111770738
"ADD3,ENSG00000148700","chr10",111765252,111768474
"ADD3,ENSG00000148700","chr10",111771258,111778800
"AL359878.1,GTPBP4,ENSG00000205740,ENSG00000107937","chr10",1031711,1035740
"AL359878.1,GTPBP4,ENSG00000205740,ENSG00000107937","chr10",1031887,1035944
"AL359878.1,GTPBP4,ENSG00000205740,ENSG00000107937","chr10",1032470,1034485
"AL359878.1,GTPBP4,ENSG00000205740,ENSG00000107937","chr10",1033196,1035740
"AL359878.1,GTPBP4,ENSG00000205740,ENSG00000107937","chr10",1033990,1039615
"AP000304,ENSG00000268265","chr21",34947297,34949753
"ARHGAP4,ENSG00000089820","chrX",153187063,153190397
"ARHGAP4,NAA10","chrX",153190397,153198557
"ARHGAP4,NAA10,RENBP","chrX",153198557,153214268
"ARL3,SFXN2,ENSG00000138175,ENSG00000156398","chr10",104472657,104476564
"ARL3,SFXN2,ENSG00000138175,ENSG00000156398","chr10",104470894,104475817
"ARL3,SFXN2,ENSG00000138175,ENSG00000156398","chr10",104466492,104479725
"ARL3,SFXN2,ENSG00000138175,ENSG00000156398","chr10",104470857,104476187
"ARL3,SFXN2,ENSG00000138175,ENSG00000156398","chr10",104472836,104476762
"ASZ1,ENSG00000154438","chr7",117065049,117068137
"ATE1,ENSG00000107669","chr10",123684547,123688485
"ATE1,ENSG00000107669","chr10",123685600,123689136
"ATE1,ENSG00000107669","chr10",123686272,123690100
"ATE1,ENSG00000107669","chr10",123686617,123689263
"ATE1,ENSG00000107669","chr10",123686621,123689928
"ATP11A,ENSG00000068650","chr13",113342742,113346444
"ATP11A,ENSG00000068650","chr13",113348809,113360063
"ATP11A,ENSG00000068650","chr13",113488215,113496478
"ATP11A,ENSG00000068650","chr13",113496478,113497139
"ATP6AP1,ENSG00000071553","chrX",153649561,153657611
"ATP6AP1,GDI1","chrX",153657611,153671976
"ATP6AP1,GDI1,ENSG00000071553,ENSG00000203879","chrX",153657611,153671976
"ATRNL1,ENSG00000107518","chr10",116852065,116855116
"BAG3,ENSG00000151929","chr10",121408208,121413482
"BAG3,ENSG00000151929","chr10",121408569,121412512
"BAG3,ENSG00000151929","chr10",121409106,121413906
"BBIP1,ENSG00000214413","chr10",112664345,112669629
"BBIP1,SHOC2,ENSG00000214413,ENSG00000108061","chr10",112677502,112680452
"BBIP1,SHOC2,ENSG00000214413,ENSG00000108061","chr10",112676837,112681433
"BBIP1,SHOC2,ENSG00000214413,ENSG00000108061","chr10",112675236,112680543
"BLOC1S2,ENSG00000196072","chr10",102044336,102048067
"BLOC1S2,ENSG00000196072","chr10",102044480,102047700
"BLOC1S2,ENSG00000196072","chr10",102043966,102048836
"BPIFC,ENSG00000184459","chr22",32846948,32860159
"BRWD1,ENSG00000185658","chr21",40565363,40575691
"BRWD1,ENSG00000185658","chr21",40583765,40590917
"C10orf118,ENSG00000165813","chr10",115932095,115934502
"C10orf118,ENSG00000165813","chr10",115932616,115937202
"C10orf118,ENSG00000165813","chr10",115933121,115936570
"C10orf76,ENSG00000120029","chr10",103811836,103820339
"C10orf76,ENSG00000120029","chr10",103811941,103817775
"C10orf76,ENSG00000120029","chr10",103812557,103817163
"C10orf76,ENSG00000120029","chr10",103814547,103817164
"C10orf88,PSTK,ENSG00000119965,ENSG00000179988","chr10",124710644,124716617
"C10orf88,PSTK,ENSG00000119965,ENSG00000179988","chr10",124710644,124718772
"C10orf88,PSTK,ENSG00000119965,ENSG00000179988","chr10",124713406,124718955
"C10orf95,ENSG00000120055","chr10",104208154,104213276
"C10orf95,ENSG00000120055","chr10",104208525,104212583
"C10orf95,ENSG00000120055","chr10",104210300,104213345
"C10orf95,ENSG00000120055","chr10",104209046,104212809
"C10orf95,ENSG00000120055","chr10",104209076,104212463
"C10orf95,ENSG00000120055","chr10",104208866,104212470
"C10orf95,ENSG00000120055","chr10",104208338,104214020
"C10orf95,ENSG00000120055","chr10",104207643,104212350
"C10orf95,ENSG00000120055","chr10",104208941,104212861
"C10orf95,ENSG00000120055","chr10",104207660,104212816
"C10orf95,ENSG00000120055","chr10",104206923,104211706
"C10orf95,ENSG00000120055","chr10",104206150,104213059
"C10orf95,ENSG00000120055","chr10",104207051,104213077
"C13orf35,ENSG00000197595","chr13",113294757,113305233
"C21orf54,ENSG00000229086","chr21",34539806,34547319
"C21orf62,ENSG00000205929","chr21",34175993,34185106
"C22orf24,YWHAH,ENSG00000128254,ENSG00000128245","chr22",32338420,32342898
"C7orf63,ENSG00000105792","chr7",89884805,89889295
"CACUL1,ENSG00000151893","chr10",120443560,120447300
"CACUL1,ENSG00000151893","chr10",120448389,120452514
"CALHM1,ENSG00000185933","chr10",105216601,105220504
"CALHM1,ENSG00000185933","chr10",105213938,105219110
"CALHM1,ENSG00000185933","chr10",105216224,105218741
"CALHM1,ENSG00000185933","chr10",105216321,105220083
"CALHM2,ENSG00000138172","chr10",105209542,105213369
"CALHM2,ENSG00000138172","chr10",105210218,105213209
"CALHM2,ENSG00000138172","chr10",105210325,105213851
"CALHM2,ENSG00000138172","chr10",105210594,105213625
"CALHM2,ENSG00000138172","chr10",105210917,105214829
"CALHM2,ENSG00000138172","chr10",105211015,105214658
"CALHM2,ENSG00000138172","chr10",105206654,105212567
"CALHM3,ENSG00000183128","chr10",105234512,105239384
"CALHM3,ENSG00000183128","chr10",105237319,105241999
"CAPZA2,ENSG00000198898","chr7",116434729,116454408
"CAPZA2,ENSG00000198898","chr7",116500954,116503335
"CAPZA2,ENSG00000198898","chr7",116547624,116551247
"CASP7,ENSG00000165806","chr10",115439140,115442574
"CATSPER2,ENSG00000166762","chr15",43924442,43930824
"CCDC147,ENSG00000120051","chr10",106109358,106113550
"CEP250,ENSG00000126001","chr20",34086509,34095771
"CFTR,ENSG00000001626","chr7",117100350,117112126
"CFTR,ENSG00000001626","chr7",117114628,117119361
"CFTR,ENSG00000001626","chr7",117251668,117255413
"CFTR,ENSG00000001626","chr7",117341506,117356953
"CFTR,ENSG00000001626","chr7",117326534,117332210
"CGN,ENSG00000143375","chr1",151496437,151509688
"CHUK,ENSG00000213341","chr10",101986630,101991644
"CHUK,ENSG00000213341","chr10",101985746,101992287
"CHUK,ENSG00000213341","chr10",101952209,101956805
"CHUK,ENSG00000213341","chr10",101952226,101954559
"CKMT1B,STRC","chr15",43889977,43895899
"CNNM2,ENSG00000148842","chr10",104673330,104679869
"CNNM2,ENSG00000148842","chr10",104673960,104680629
"CNNM2,ENSG00000148842","chr10",104676186,104679640
"CNNM2,ENSG00000148842","chr10",104677277,104680103
"CNNM2,ENSG00000148842","chr10",104826221,104829946
"CNNM2,ENSG00000148842","chr10",104825553,104831884
"CNNM2,ENSG00000148842","chr10",104826408,104831149
"CNOT3,ENSG00000088038","chr19",54622004,54643159
"CNOT3,ENSG00000088038","chr19",54643159,54647787
"CNOT3,ENSG00000088038","chr19",54647787,54653912
"CNOT3,ENSG00000088038","chr19",54657233,54663039
"COL17A1,ENSG00000065618","chr10",105823499,105826798
"CRYZL1,ENSG00000205758","chr21",34981157,34992256
"CTTNBP2,ENSG00000077063","chr7",117429273,117432820
"CTTNBP2,ENSG00000077063","chr7",117432820,117434816
"CUEDC2,ENSG00000107874","chr10",104189089,104193840
"CUEDC2,ENSG00000107874","chr10",104189359,104198819
"CUEDC2,ENSG00000107874","chr10",104189662,104197879
"CUEDC2,ENSG00000107874","chr10",104188824,104194202
"CUTC,COX15,ENSG00000119929,ENSG00000014919","chr10",101490366,101494188
"CUTC,COX15,ENSG00000119929,ENSG00000014919","chr10",101490135,101494015
"CUTC,COX15,ENSG00000119929,ENSG00000014919","chr10",101490036,101493657
"CUTC,COX15,ENSG00000119929,ENSG00000014919","chr10",101490513,101493769
"CUZD1,FAM24B,ENSG00000138161,ENSG00000213185","chr10",124637269,124641186
"CUZD1,FAM24B,ENSG00000138161,ENSG00000213185","chr10",124637812,124640801
"CUZD1,FAM24B,ENSG00000138161,ENSG00000213185","chr10",124639004,124641049
"CWF19L1,ENSG00000095485","chr10",102025566,102028484
"CWF19L1,ENSG00000095485","chr10",102025634,102029597
"CWF19L1,ENSG00000095485","chr10",102024095,102028559
"DEPDC5,ENSG00000100150","chr22",32170492,32188129
"DEPDC5,ENSG00000100150","chr22",32188129,32210582
"DEPDC5,ENSG00000100150","chr22",32264718,32278135
"DEPDC5,ENSG00000100150","chr22",32292186,32294405
"DEPDC5,ENSG00000100150","chr22",32162110,32166713
"DHTKD1,ENSG00000181192","chr10",12109496,12115110
"DHTKD1,ENSG00000181192","chr10",12107979,12111968
"DKC1,ENSG00000130826","chrX",153989469,153994716
"DKC1,ENSG00000130826","chrX",153994716,154000894
"DKC1,ENSG00000130826","chrX",154000894,154002691
"DKC1,ENSG00000130826","chrX",154002691,154005706
"DNASE1L1,TAZ","chrX",153635385,153648319
"DONSON,ENSG00000159147","chr21",34949753,34954485
"DONSON,ENSG00000159147","chr21",34954683,34958824
"DPCD,ENSG00000166171","chr10",103329575,103333130
"DPCD,POLL,ENSG00000166171,ENSG00000166169","chr10",103345797,103350035
"DPCD,POLL,ENSG00000166171,ENSG00000166169","chr10",103347092,103349201
"DUSP5,ENSG00000138166","chr10",112255572,112259764
"ECHDC3,ENSG00000134463","chr10",11784177,11787577
"ECHDC3,ENSG00000134463","chr10",11788577,11791721
"EDEM2,ENSG00000088298","chr20",33851286,33868733
"EIF3A,ENSG00000107581","chr10",120837750,120843031
"EIF3A,ENSG00000107581","chr10",120837932,120842589
"EIF3A,ENSG00000107581","chr10",120838013,120841024
"EIF3A,ENSG00000107581","chr10",120838239,120841593
"EIF3A,ENSG00000107581","chr10",120838467,120841526
"EIF3A,ENSG00000107581","chr10",120838511,120842373
"EIF3A,ENSG00000107581","chr10",120838657,120841450
"EIF3A,ENSG00000107581","chr10",120838300,120842094
"EIF3A,ENSG00000107581","chr10",120838521,120841476
"EIF4ENIF1,ENSG00000184708","chr22",31829733,31836635
"EIF6,FAM83C","chr20",33868733,33888526
"ELOVL3,ENSG00000119915","chr10",103984166,103987814
"ENTPD7,ENSG00000198018","chr10",101416617,101422391
"ENTPD7,ENSG00000198018","chr10",101415710,101421584
"ENTPD7,ENSG00000198018","chr10",101415943,101420068
"ERGIC3,ENSG00000125991","chr20",34124012,34154818
"ERLIN1,ENSG00000107566","chr10",101941886,101949017
"ERLIN1,ENSG00000107566","chr10",101943372,101947106
"ERLIN1,ENSG00000107566","chr10",101944618,101947404
"ERLIN1,ENSG00000107566","chr10",101947458,101951791
"ERLIN1,ENSG00000107566","chr10",101947418,101951216
"EVX1,ENSG00000106038","chr7",27282073,27287306
"FAM178A,ENSG00000119906","chr10",102669818,102673864
"FAM178A,ENSG00000119906","chr10",102671226,102673872
"FAM3A,ENSG00000071889","chrX",153736289,153755323
"FAM45A,ENSG00000119979","chr10",120862571,120866091
"FAM45A,ENSG00000119979","chr10",120859693,120864795
"FAM45A,ENSG00000119979","chr10",120871248,120876086
"FAM45A,ENSG00000119979","chr10",120861334,120865045
"FAM45A,ENSG00000119979","chr10",120859088,120865184
"FAM45A,ENSG00000119979","chr10",120868847,120876200
"FAM50A,ENSG00000071859","chrX",153671976,153673688
"FAM50A,ENSG00000071859","chrX",153676883,153681712
"FGFR2,ENSG00000066468","chr10",123351750,123355220
"FGFR2,ENSG00000066468","chr10",123355559,123357911
"FLNA,ENSG00000196924","chrX",153574513,153584637
"FLNA,ENSG00000196924","chrX",153586280,153597086
"FUNDC2,ENSG00000165775","chrX",154274113,154276803
"G6PD,IKBKG,ENSG00000160211,ENSG00000073009","chrX",153755323,153771683
"G6PD,IKBKG,ENSG00000160211,ENSG00000073009","chrX",153771683,153779571
"GAB3,ENSG00000160219","chrX",153924052,153929777
"GAB3,ENSG00000160219","chrX",153967468,153979902
"GART,ENSG00000159131","chr21",34883480,34892700
"GDF5,ENSG00000125965","chr20",34021575,34028951
"GOT1,ENSG00000120053","chr10",101183867,101191694
"GOT1,ENSG00000120053","chr10",101188540,101192458
"GOT1,ENSG00000120053","chr10",101188990,101191485
"GOT1,ENSG00000120053","chr10",101189131,101191456
"GSTO1,ENSG00000148834","chr10",106012998,106018133
"GSTO2,ENSG00000065621","chr10",106025158,106031218
"GSTO2,ENSG00000065621","chr10",106027655,106031181
"GSTO2,ENSG00000065621","chr10",106028836,106032105
"GSTO2,ENSG00000065621","chr10",106034369,106041852
"GSTO2,ENSG00000065621","chr10",106034646,106039206
"GSTO2,ENSG00000065621","chr10",106034738,106037744
"GSTO2,ENSG00000065621","chr10",106025325,106030804
"GSTO2,ENSG00000065621","chr10",106032696,106040897
"GSTO2,ENSG00000065621","chr10",106032206,106037681
"GSTO2,ENSG00000065621","chr10",106042128,106048285
"GSTO2,ENSG00000065621","chr10",106043690,106046717
"GSTO2,ENSG00000065621","chr10",106049927,106056005
"HCFC1,ENSG00000172534","chrX",153214268,153230257
"HIF1AN,ENSG00000166135","chr10",102291852,102297217
"HIF1AN,ENSG00000166135","chr10",102293786,102297642
"HIF1AN,ENSG00000166135","chr10",102293985,102297329
"HIF1AN,ENSG00000166135","chr10",102295102,102297359
"HMGN1,ENSG00000205581","chr21",40718004,40719183
"HOXA1,ENSG00000105991","chr7",27130634,27137201
"HOXA13,ENSG00000106031","chr7",27230275,27238414
"HOXA3,ENSG00000105997","chr7",27165488,27167947
"HOXA3,HOXA5,HOXA6","chr7",27181770,27195105
"HOXA9,ENSG00000078399","chr7",27203007,27207968
"HPS1,ENSG00000107521","chr10",100191097,100195911
"HPS6,ENSG00000166189","chr10",103822580,103826717
"HPS6,ENSG00000166189","chr10",103825004,103829939
"HPS6,ENSG00000166189","chr10",103824140,103827192
"HPS6,ENSG00000166189","chr10",103823633,103827763
"HPS6,ENSG00000166189","chr10",103821277,103826789
"HPS6,ENSG00000166189","chr10",103823238,103828400
"HPS6,ENSG00000166189","chr10",103823941,103829010
"IDI1,WDR37,ENSG00000067064,ENSG00000047056","chr10",1090197,1098635
"IDI1,WDR37,ENSG00000067064,ENSG00000047056","chr10",1092422,1096343
"IDI1,WDR37,ENSG00000067064,ENSG00000047056","chr10",1093691,1098446
"IFNGR2,ENSG00000159128","chr21",34775307,34782293
"IGF2,ENSG00000167244","chr11",2169844,2172799
"IKZF5,ACADSB,ENSG00000095574,ENSG00000196177","chr10",124766153,124770389
"IKZF5,ACADSB,ENSG00000095574,ENSG00000196177","chr10",124766153,124769547
"IKZF5,ACADSB,ENSG00000095574,ENSG00000196177","chr10",124765780,124770054
"IKZF5,ACADSB,ENSG00000095574,ENSG00000196177","chr10",124764226,124770049
"IKZF5,ACADSB,ENSG00000095574,ENSG00000196177","chr10",124764606,124769587
"IKZF5,ACADSB,ENSG00000095574,ENSG00000196177","chr10",124765655,124770064
"IKZF5,ACADSB,ENSG00000095574,ENSG00000196177","chr10",124766159,124769834
"INPP5F,ENSG00000198825","chr10",121482832,121487036
"INPP5F,ENSG00000198825","chr10",121483898,121486877
"IRAK1,ENSG00000184216","chrX",153272101,153284529
"IRAK1,ENSG00000184216","chrX",153284529,153289470
"ITPRIP,ENSG00000148841","chr10",106087141,106090248
"ITPRIP,ENSG00000148841","chr10",106089610,106094101
"ITPRIP,ENSG00000148841","chr10",106096166,106099006
"ITPRIP,ENSG00000148841","chr10",106095519,106101386
"ITSN1,ENSG00000205726","chr21",35227409,35237858
"ITSN1,ENSG00000205726","chr21",35242603,35256847
"KAZALD1,ENSG00000107821","chr10",102819630,102822448
"KAZALD1,ENSG00000107821","chr10",102824854,102828308
"KAZALD1,ENSG00000107821","chr10",102819143,102829790
"KAZALD1,ENSG00000107821","chr10",102820234,102822308
"KCNIP2,ENSG00000120049","chr10",103597693,103600960
"KCNIP2,ENSG00000120049","chr10",103586873,103591221
"KCNIP2,ENSG00000120049","chr10",103590053,103592886
"KCNIP2,ENSG00000120049","chr10",103585829,103591917
"KCNIP2,ENSG00000120049","chr10",103586322,103593499
"KCNIP2,ENSG00000120049","chr10",103585758,103589923
"LAGE3,UBL4A,ENSG00000196976,ENSG00000102178","chrX",153701576,153715648
"LAIR1,ENSG00000167613","chr19",54882151,54893239
"LDB1,ENSG00000198728","chr10",103870435,103882816
"LDB1,ENSG00000198728","chr10",103870641,103875481
"LDB1,ENSG00000198728","chr10",103871619,103876192
"LDB1,ENSG00000198728","chr10",103872787,103882709
"LDB1,ENSG00000198728","chr10",103874263,103884277
"LDB1,ENSG00000198728","chr10",103875913,103883243
"LDB1,ENSG00000198728","chr10",103878587,103882481
"LDB1,ENSG00000198728","chr10",103879507,103883750
"LDB1,ENSG00000198728","chr10",103879693,103882935
"LDB1,ENSG00000198728","chr10",103872103,103875832
"LOXL4,ENSG00000138131","chr10",100026463,100032922
"LSP1,C11orf89","chr11",1891695,1918488
"LZTS2,ENSG00000107816","chr10",102754425,102757736
"LZTS2,ENSG00000107816","chr10",102754656,102760548
"LZTS2,ENSG00000107816","chr10",102754933,102761301
"LZTS2,ENSG00000107816","chr10",102755945,102763162
"LZTS2,ENSG00000107816","chr10",102756448,102759133
"LZTS2,ENSG00000107816","chr10",102755679,102759405
"LZTS2,ENSG00000107816","chr10",102755844,102759820
"LZTS2,ENSG00000107816","chr10",102755178,102761468
"MAP1A,ENSG00000166963","chr15",43807815,43812531
"MBOAT7,ENSG00000125505","chr19",54677284,54691409
"MCMBP,ENSG00000197771","chr10",121616642,121622025
"MCMBP,ENSG00000197771","chr10",121616784,121622803
"MCMBP,ENSG00000197771","chr10",121628603,121637253
"MCMBP,ENSG00000197771","chr10",121629804,121638118
"MCMBP,ENSG00000197771","chr10",121630858,121633955
"MCMBP,ENSG00000197771","chr10",121630866,121634057
"MCMBP,ENSG00000197771","chr10",121631405,121634718
"MCMBP,ENSG00000197771","chr10",121628153,121633504
"MCMBP,SEC23IP,ENSG00000197771,ENSG00000107651","chr10",121649522,121654922
"MCMBP,SEC23IP,ENSG00000197771,ENSG00000107651","chr10",121650595,121655787
"MCMBP,SEC23IP,ENSG00000197771,ENSG00000107651","chr10",121649257,121658259
"MCMBP,SEC23IP,ENSG00000197771,ENSG00000107651","chr10",121650513,121658744
"MCMBP,SEC23IP,ENSG00000197771,ENSG00000107651","chr10",121649308,121654407
"MECP2,ENSG00000169057","chrX",153307734,153315090
"MECP2,ENSG00000169057","chrX",153360692,153365301
"MET,ENSG00000105976","chr7",116307511,116321259
"MET,ENSG00000105976","chr7",116339031,116340618
"MET,ENSG00000105976","chr7",116404429,116414428
"MET,ENSG00000105976","chr7",116416142,116418394
"MGEA5,ENSG00000198408","chr10",103550411,103555228
"MGEA5,ENSG00000198408","chr10",103551550,103555690
"MGEA5,ENSG00000198408","chr10",103575865,103579598
"MGEA5,ENSG00000198408","chr10",103576075,103579992
"MGEA5,ENSG00000198408","chr10",103576271,103579882
"MGEA5,ENSG00000198408","chr10",103576523,103583409
"MGEA5,ENSG00000198408","chr10",103576671,103579684
"MGEA5,ENSG00000198408","chr10",103576709,103579851
"MGEA5,ENSG00000198408","chr10",103576734,103579722
"MGEA5,ENSG00000198408","chr10",103576889,103580815
"MGEA5,ENSG00000198408","chr10",103576946,103580531
"MGEA5,ENSG00000198408","chr10",103576946,103582878
"MGEA5,ENSG00000198408","chr10",103576745,103578754
"MGEA5,ENSG00000198408","chr10",103576404,103580129
"MGEA5,ENSG00000198408","chr10",103545896,103549343
"MGEA5,ENSG00000198408","chr10",103575815,103579711
"MGEA5,ENSG00000198408","chr10",103576202,103578592
"MPP1,ENSG00000130830","chrX",154015910,154019964
"MPP1,ENSG00000130830","chrX",154020149,154020714
"MPP1,ENSG00000130830","chrX",154027387,154034565
"MRPL43,C10orf2,ENSG00000055950,ENSG00000107815","chr10",102747263,102751016
"MRPL43,C10orf2,ENSG00000055950,ENSG00000107815","chr10",102744816,102751016
"MRPL43,C10orf2,ENSG00000055950,ENSG00000107815","chr10",102745788,102748549
"MRPL43,SEMA4G,C10orf2,ENSG00000055950,ENSG00000095539,ENSG00000107815","chr10",102743739,102751717
"MXI1,ENSG00000119950","chr10",111969454,111973134
"MXI1,ENSG00000119950","chr10",111984742,111988793
"NANOS1,ENSG00000188613","chr10",120787669,120793496
"NANOS1,ENSG00000188613","chr10",120787837,120790955
"NDUFB8,ENSG00000166136","chr10",102282676,102287321
"NFKB2,ENSG00000077150","chr10",104152035,104155289
"NFKB2,ENSG00000077150","chr10",104152660,104157208
"NFKB2,ENSG00000077150","chr10",104153768,104157316
"NFKB2,ENSG00000077150","chr10",104152843,104156531
"NFS1,ENSG00000244005","chr20",34263821,34267844
"NFS1,ENSG00000244005","chr20",34267844,34286390
"NOLC1,ENSG00000166197","chr10",103910696,103914488
"NOLC1,ENSG00000166197","chr10",103910339,103912737
"NOLC1,ENSG00000166197","chr10",103910196,103913280
"NOLC1,ENSG00000166197","chr10",103910448,103913566
"NOLC1,ENSG00000166197","chr10",103908464,103914229
"NOLC1,ENSG00000166197","chr10",103919803,103924532
"NPM3,ENSG00000107833","chr10",103539865,103543561
"NPM3,ENSG00000107833","chr10",103540752,103544048
"NPM3,ENSG00000107833","chr10",103542286,103545513
"NPM3,ENSG00000107833","chr10",103539465,103543495
"NRAP,ENSG00000197893","chr10",115422614,115425964
"NSMCE4A,ENSG00000107672","chr10",123731392,123736365
"NSMCE4A,ENSG00000107672","chr10",123732617,123737284
"NSMCE4A,ENSG00000107672","chr10",123732941,123736183
"NSMCE4A,ENSG00000107672","chr10",123733086,123738133
"NSMCE4A,ENSG00000107672","chr10",123732543,123736413
"NSMCE4A,ENSG00000107672","chr10",123732467,123736104
"NSMCE4A,ENSG00000107672","chr10",123732582,123736351
"NT5C2,ENSG00000076685","chr10",104909922,104915151
"NT5C2,ENSG00000076685","chr10",104911326,104915033
"NT5C2,ENSG00000076685","chr10",104933109,104937735
"NT5C2,ENSG00000076685","chr10",104945853,104957005
"NT5C2,ENSG00000076685","chr10",104951263,104955052
"NT5C2,ENSG00000076685","chr10",104948910,104954900
"NT5C2,ENSG00000076685","chr10",104950274,104954528
"NT5C2,ENSG00000076685","chr10",104950626,104953078
"NUDT5,CDC123,ENSG00000165609,ENSG00000151465","chr10",12235252,12239976
"OBFC1,ENSG00000107960","chr10",105657182,105661408
"OBFC1,ENSG00000107960","chr10",105675555,105681058
"OBFC1,ENSG00000107960","chr10",105675605,105679611
"OBFC1,ENSG00000107960","chr10",105676493,105680367
"OBFC1,ENSG00000107960","chr10",105676599,105682442
"OBFC1,ENSG00000107960","chr10",105675549,105678236
"OSCAR,NDUFA3,TFPT,PRPF31","chr19",54600850,54620705
"PCGF6,ENSG00000156374","chr10",105109369,105113695
"PCGF6,ENSG00000156374","chr10",105109386,105112395
"PCGF6,ENSG00000156374","chr10",105109386,105113143
"PCGF6,ENSG00000156374","chr10",105109430,105112870
"PDCD11,ENSG00000148843","chr10",105197988,105206071
"PDCD11,ENSG00000148843","chr10",105160417,105164893
"PDCD4,ENSG00000150593","chr10",112630166,112634091
"PDCD4,ENSG00000150593","chr10",112630522,112633740
"PDCD4,ENSG00000150593","chr10",112630838,112635784
"PDCD4,ENSG00000150593","chr10",112630933,112635987
"PDCD4,ENSG00000150593","chr10",112627817,112636075
"PDCD4,ENSG00000150593","chr10",112629842,112633404
"PDCD4,ENSG00000150593","chr10",112649118,112655902
"PDCD4,ENSG00000150593","chr10",112638238,112642004
"PDZD7,SFXN3,ENSG00000186862,ENSG00000107819","chr10",102785857,102794643
"PDZD7,SFXN3,ENSG00000186862,ENSG00000107819","chr10",102789504,102792571
"PI4KB,ENSG00000143393","chr1",151270864,151283078
"PIP5K1A,ENSG00000143398","chr1",151171193,151178589
"PIP5K1A,ENSG00000143398","chr1",151203965,151215310
"PISD,ENSG00000241878","chr22",32012966,32043914
"PITX3,ENSG00000107859","chr10",103988263,103994222
"PITX3,ENSG00000107859","chr10",103988472,103993980
"PITX3,ENSG00000107859","chr10",103997050,104003564
"PLXNA3,ENSG00000130827","chrX",153681712,153701576
"POGZ,ENSG00000143442","chr1",151411623,151426875
"POLL,ENSG00000166169","chr10",103338978,103343846
"POLL,ENSG00000166169","chr10",103343883,103346411
"PPRC1,ENSG00000148840","chr10",103890810,103894316
"PPRC1,ENSG00000148840","chr10",103890902,103895123
"PPRC1,ENSG00000148840","chr10",103891150,103896034
"PPRC1,ENSG00000148840","chr10",103891386,103896336
"PPRC1,ENSG00000148840","chr10",103892649,103895077
"PPRC1,ENSG00000148840","chr10",103898177,103905788
"PPRC1,ENSG00000148840","chr10",103891527,103894593
"PPRC1,ENSG00000148840","chr10",103891395,103894893
"PPRC1,ENSG00000148840","chr10",103891299,103894422
"PPRC1,ENSG00000148840","chr10",103892586,103896250
"PPRC1,ENSG00000148840","chr10",103890818,103894242
"PPRC1,ENSG00000148840","chr10",103889114,103896270
"PPRC1,ENSG00000148840","chr10",103891290,103898143
"PPRC1,ENSG00000148840","chr10",103889306,103896489
"PPRC1,ENSG00000148840","chr10",103890201,103898995
"PPRC1,ENSG00000148840","chr10",103889341,103897481
"PPRC1,ENSG00000148840","chr10",103898255,103902795
"PPRC1,ENSG00000148840","chr10",103900844,103904469
"PPRC1,NOLC1,ENSG00000148840,ENSG00000166197","chr10",103907210,103914627
"PPRC1,NOLC1,ENSG00000148840,ENSG00000166197","chr10",103907768,103913676
"PPRC1,NOLC1,ENSG00000148840,ENSG00000166197","chr10",103906992,103914166
"PRDX3,ENSG00000165672","chr10",120933279,120939654
"PRDX3,ENSG00000165672","chr10",120933087,120936002
"PRDX3,ENSG00000165672","chr10",120934249,120939757
"PRDX3,ENSG00000165672","chr10",120936574,120942265
"PRDX3,ENSG00000165672","chr10",120929965,120933082
"PRDX3,ENSG00000165672","chr10",120927887,120930534
"PROSER2,ENSG00000148426","chr10",11863637,11868899
"PROSER2,ENSG00000148426","chr10",11871691,11875419
"PRPF31,ENSG00000105618","chr19",54620705,54622004
"PRR14L,ENSG00000183530","chr22",32102727,32109893
"PSD,ENSG00000059915","chr10",104180716,104184046
"PSD,FBXL15,CUEDC2,ENSG00000059915,ENSG00000107872,ENSG00000107874","chr10",104177501,104184148
"PSD,FBXL15,CUEDC2,ENSG00000059915,ENSG00000107872,ENSG00000107874","chr10",104179615,104185460
"PSD,FBXL15,CUEDC2,ENSG00000059915,ENSG00000107872,ENSG00000107874","chr10",104179858,104184082
"PSD,FBXL15,ENSG00000059915,ENSG00000107872","chr10",104177706,104182273
"PSD,FBXL15,ENSG00000059915,ENSG00000107872","chr10",104177893,104183417
"PSD,FBXL15,ENSG00000059915,ENSG00000107872","chr10",104179016,104182664
"PSD,FBXL15,ENSG00000059915,ENSG00000107872","chr10",104179201,104183610
"PSD,FBXL15,ENSG00000059915,ENSG00000107872","chr10",104179247,104182911
"PSD,FBXL15,ENSG00000059915,ENSG00000107872","chr10",104179338,104182485
"PSMB4,ENSG00000159377","chr1",151368336,151375897
"PSMD4,ENSG00000159352","chr1",151219411,151234038
"PSTK,ENSG00000179988","chr10",124738388,124742169
"PSTK,ENSG00000179988","chr10",124738549,124743211
"PSTK,ENSG00000179988","chr10",124738570,124741204
"PSTK,ENSG00000179988","chr10",124738854,124742147
"PSTK,ENSG00000179988","chr10",124738528,124741369
"PSTK,ENSG00000179988","chr10",124738711,124743471
"PSTK,ENSG00000179988","chr10",124737204,124743471
"PYROXD2,ENSG00000119943","chr10",100170653,100176192
"PYROXD2,ENSG00000119943","chr10",100171667,100177631
"RAB11FIP2,ENSG00000107560","chr10",119795764,119801009
"RAB11FIP2,ENSG00000107560","chr10",119804606,119807707
"RBM20,ENSG00000203867","chr10",112579505,112583802
"RBM20,ENSG00000203867","chr10",112580755,112589346
"RBM20,ENSG00000203867","chr10",112581444,112587243
"RBM20,ENSG00000203867","chr10",112582382,112584643
"RBM20,ENSG00000203867","chr10",112582540,112585422
"RBM20,ENSG00000203867","chr10",112587400,112591373
"RBM20,ENSG00000203867","chr10",112585377,112589388
"RBM20,ENSG00000203867","chr10",112589787,112595688
"RBM39,ENSG00000131051","chr20",34292924,34300586
"RFPL3,ENSG00000128276","chr22",32740683,32750950
"RFPL3S,ENSG00000205853","chr22",32764253,32784733
"RFX5,ENSG00000143390","chr1",151309061,151322694
"RGS10,ENSG00000148908","chr10",121282065,121289615
"RGS10,ENSG00000148908","chr10",121282484,121286277
"RGS10,ENSG00000148908","chr10",121283540,121286041
"RGS10,ENSG00000148908","chr10",121284394,121288538
"RGS10,ENSG00000148908","chr10",121298737,121308662
"RGS10,ENSG00000148908","chr10",121299004,121305549
"RGS10,ENSG00000148908","chr10",121300399,121304148
"RGS10,ENSG00000148908","chr10",121300785,121304881
"RGS10,ENSG00000148908","chr10",121298255,121305676
"RGS10,ENSG00000148908","chr10",121302151,121305267
"RGS10,ENSG00000148908","chr10",121301942,121303823
"RP1-170O19,HOXA10","chr7",27216170,27221403
"RP11-126K1,ZNF687,ENSG00000143373","chr1",151246650,151254384
"RP11-126K1,ZNF687,PI4KB,ENSG00000143373,ENSG00000143393","chr1",151254384,151268403
"RP11-332O19.5","chr10",104987501,105006000
"RPL10,DNASE1L1","chrX",153625659,153635385
"RPL10,ENSG00000147403","chrX",153614328,153625659
"RPS9,ENSG00000170889","chr19",54703388,54706734
"SCD,ENSG00000099194","chr10",102104963,102109090
"SEC23IP,ENSG00000107651","chr10",121652143,121656432
"SEC23IP,ENSG00000107651","chr10",121658991,121662677
"SEC23IP,ENSG00000107651","chr10",121662163,121670978
"SEC23IP,ENSG00000107651","chr10",121660670,121664127
"SEC31B,NDUFB8,ENSG00000075826,ENSG00000166136","chr10",102289235,102292091
"SEC31B,NDUFB8,HIF1AN,ENSG00000075826,ENSG00000166136,ENSG00000166135","chr10",102287476,102291185
"SEC31B,NDUFB8,HIF1AN,ENSG00000075826,ENSG00000166136,ENSG00000166135","chr10",102288045,102292091
"SEC31B,NDUFB8,HIF1AN,ENSG00000075826,ENSG00000166136,ENSG00000166135","chr10",102288201,102291269
"SEC31B,NDUFB8,HIF1AN,ENSG00000075826,ENSG00000166136,ENSG00000166135","chr10",102287842,102289742
"SEC61A2,ENSG00000065665","chr10",12169505,12173055
"SELENBP1,ENSG00000143416","chr1",151333184,151350267
"SEMA4G,ENSG00000095539","chr10",102727587,102732853
"SEMA4G,ENSG00000095539","chr10",102728125,102733707
"SEMA4G,ENSG00000095539","chr10",102728195,102731418
"SEMA4G,ENSG00000095539","chr10",102729069,102738351
"SEMA4G,ENSG00000095539","chr10",102729296,102732866
"SERF2,HYPK,ENSG00000140264,ENSG00000242028","chr15",44080886,44089111
"SERPINB7,ENSG00000166396","chr18",61416739,61420704
"SFI1,ENSG00000198089","chr22",31976153,31978142
"SFI1,ENSG00000198089","chr22",31978142,31983723
"SFR1,ENSG00000156384","chr10",105880525,105882596
"SFR1,ENSG00000156384","chr10",105880258,105883019
"SFXN2,ENSG00000156398","chr10",104483029,104486729
"SFXN3,ENSG00000107819","chr10",102791556,102793930
"SFXN4,ENSG00000183605","chr10",120922253,120925317
"SFXN4,ENSG00000183605","chr10",120922937,120926846
"SFXN4,ENSG00000183605","chr10",120923304,120927841
"SFXN4,ENSG00000183605","chr10",120924357,120926755
"SFXN4,ENSG00000183605","chr10",120923578,120927015
"SFXN4,ENSG00000183605","chr10",120923486,120927731
"SFXN4,PRDX3,ENSG00000183605,ENSG00000165672","chr10",120922719,120931124
"SLC25A28,ENSG00000155287","chr10",101377525,101382281
"SLC25A28,ENSG00000155287","chr10",101377790,101383714
"SLC25A28,ENSG00000155287","chr10",101377980,101383260
"SLC25A28,ENSG00000155287","chr10",101378480,101383630
"SLC25A28,ENSG00000155287","chr10",101379135,101381038
"SLC25A28,ENSG00000155287","chr10",101379550,101383893
"SLC25A28,ENSG00000155287","chr10",101377878,101381040
"SLC25A28,ENSG00000155287","chr10",101378787,101381343
"SLC5A1,ENSG00000100170","chr22",32477762,32487457
"SLK,ENSG00000065613","chr10",105725683,105729285
"SLK,ENSG00000065613","chr10",105724868,105729430
"SLK,ENSG00000065613","chr10",105725100,105727851
"SLK,ENSG00000065613","chr10",105724958,105728862
"SLK,ENSG00000065613","chr10",105725150,105729956
"SMC3,ENSG00000108055","chr10",112325047,112328858
"SMC3,ENSG00000108055","chr10",112325616,112329855
"SMC3,ENSG00000108055","chr10",112325776,112329324
"SMIM9,ENSG00000203870","chrX",154053104,154056925
"SMNDC1,ENSG00000119953","chr10",112061121,112065690
"SMNDC1,ENSG00000119953","chr10",112062034,112065341
"SNX27,ENSG00000143376","chr1",151618750,151636526
"SON,ENSG00000159140","chr21",34920867,34927563
"SPAG4,ENSG00000061656","chr20",34194345,34209462
"ST7,ENSG00000004866","chr7",116651084,116657331
"ST7,ENSG00000004866","chr7",116728195,116740907
"ST7,ENSG00000004866","chr7",116754962,116765597
"STEAP1,ENSG00000164647","chr7",89787744,89795672
"STRC,ENSG00000242866","chr15",44001645,44015047
"SYN3,ENSG00000185666","chr22",32920308,32927723
"SYN3,ENSG00000185666","chr22",33262063,33266567
"SYN3,ENSG00000185666","chr22",33339333,33353583
"SYN3,ENSG00000185666","chr22",33452523,33459358
"SYN3,ENSG00000185666","chr22",33389304,33403028
"TACC2,ENSG00000138162","chr10",123871649,123873762
"TACC2,ENSG00000138162","chr10",123871222,123873994
"TACC2,ENSG00000138162","chr10",123871194,123876388
"TACC2,ENSG00000138162","chr10",123869962,123875290
"TACC2,ENSG00000138162","chr10",123746668,123756375
"TACC2,ENSG00000138162","chr10",123870747,123873901
"TACC2,ENSG00000138162","chr10",123748268,123754626
"TACC2,ENSG00000138162","chr10",123884153,123887916
"TAF5,ENSG00000148835","chr10",105125671,105130486
"TAF5,ENSG00000148835","chr10",105126440,105130656
"TAF5,ENSG00000148835","chr10",105126569,105129297
"TAF5,ENSG00000148835","chr10",105126001,105129204
"TAF5,ENSG00000148835","chr10",105126851,105129204
"TDRD1,ENSG00000095627","chr10",115937322,115941471
"TDRD1,ENSG00000095627","chr10",115937140,115940548
"TES,ENSG00000135269","chr7",115847372,115857098
"TES,ENSG00000135269","chr7",115861595,115870968
"TES,ENSG00000135269","chr7",115890993,115892266
"TIAL1,ENSG00000151923","chr10",121339471,121349219
"TIAL1,ENSG00000151923","chr10",121340509,121345370
"TIAL1,ENSG00000151923","chr10",121350406,121353511
"TIAL1,ENSG00000151923","chr10",121353645,121359126
"TIAL1,ENSG00000151923","chr10",121354119,121357541
"TIAL1,ENSG00000151923","chr10",121354211,121358174
"TIAL1,ENSG00000151923","chr10",121354926,121358480
"TIAL1,ENSG00000151923","chr10",121354252,121357967
"TIAL1,ENSG00000151923","chr10",121353011,121358345
"TIAL1,ENSG00000151923","chr10",121349247,121359465
"TIAL1,ENSG00000151923","chr10",121352279,121357345
"TIAL1,ENSG00000151923","chr10",121352279,121357706
"TIAL1,ENSG00000151923","chr10",121353498,121357926
"TIAL1,ENSG00000151923","chr10",121346801,121350371
"TIAL1,ENSG00000151923","chr10",121353974,121357418
"TIMP3,ENSG00000100234","chr22",33190123,33206921
"TKTL1,ENSG00000007350","chrX",153532787,153537523
"TKTL1,ENSG00000007350","chrX",153537523,153552005
"TMC4,ENSG00000167608","chr19",54667671,54677284
"TMEM180,ENSG00000138111","chr10",104220186,104223803
"TMEM180,ENSG00000138111","chr10",104220136,104222788
"TMEM180,ENSG00000138111","chr10",104215639,104222515
"TMEM180,ENSG00000138111","chr10",104228283,104231260
"TMEM187,ENSG00000177854","chrX",153240638,153254508
"TMEM50B,ENSG00000142188","chr21",34819525,34821921
"TP53BP1,ENSG00000067369","chr15",43782117,43785993
"TP53BP1,ENSG00000067369","chr15",43792489,43802874
"TP53BP1,MAP1A","chr15",43802874,43806906
"TRIM8,ENSG00000171206","chr10",104400169,104421572
"TRIM8,ENSG00000171206","chr10",104401863,104408987
"TRIM8,ENSG00000171206","chr10",104402202,104407302
"TRIM8,ENSG00000171206","chr10",104402673,104405732
"TRIM8,ENSG00000171206","chr10",104401766,104406453
"TRIM8,ENSG00000171206","chr10",104400721,104405027
"TRIM8,ENSG00000171206","chr10",104401663,104404899
"TRUB1,ENSG00000165832","chr10",116696953,116700606
"TUFT1,ENSG00000143367","chr1",151516085,151535167
"UPF2,ENSG00000151461","chr10",12074813,12079699
"UPF2,ENSG00000151461","chr10",12082678,12086495
"UPF2,ENSG00000151461","chr10",12083133,12086740
"UPF2,ENSG00000151461","chr10",12083149,12085486
"UPF2,ENSG00000151461","chr10",12084319,12087714
"UPF2,ENSG00000151461","chr10",12081974,12085394
"UQCC1,ENSG00000101019","chr20",33895258,33906002
"UQCC1,ENSG00000101019","chr20",33981077,33987119
"USMG5,PDCD11,ENSG00000173915,ENSG00000148843","chr10",105154777,105160059
"USMG5,PDCD11,ENSG00000173915,ENSG00000148843","chr10",105152681,105157903
"USMG5,PDCD11,ENSG00000173915,ENSG00000148843","chr10",105153142,105159612
"USMG5,PDCD11,ENSG00000173915,ENSG00000148843","chr10",105154574,105159361
"VWA2,ENSG00000165816","chr10",115997314,116000569
"WDR11,ENSG00000120008","chr10",122611688,122616888
"WDR11,ENSG00000120008","chr10",122621427,122626907
"WDR37,ENSG00000047056","chr10",1100725,1104850
"WDR37,ENSG00000047056","chr10",1100859,1106350
"WDR37,ENSG00000047056","chr10",1100728,1103796
"WDR37,ENSG00000047056","chr10",1099515,1103666
"WDR37,ENSG00000047056","chr10",1100283,1103390
"WDR37,ENSG00000047056","chr10",1098667,1108160
"WDR37,ENSG00000047056","chr10",1118585,1122154
"WDR37,ENSG00000047056","chr10",1117983,1126025
"WNT2,ENSG00000105989","chr7",116957165,116964911
"WRB,ENSG00000182093","chr21",40796857,40798340
"WRB,ENSG00000182093","chr21",40748850,40752541
"XPNPEP1,ENSG00000108039","chr10",111672728,111679119
"XPNPEP1,ENSG00000108039","chr10",111674777,111676598
"XPNPEP1,ENSG00000108039","chr10",111680897,111684497
"XPNPEP1,ENSG00000108039","chr10",111681246,111683967
"YWHAH,ENSG00000128245","chr22",32342898,32343477
